participant,condition,feedback,1,2,3,4,5,6,7,8,9,10,11,12,13,14,15,16,17,18,19,20,21,22,23,24,25,26,27,28,29,30,31,32,33,34,35,36,37,38,39,40,,,,,,,,,,,,,concern,frequency,sources,list,exhaustion,sr1,sr2,sr3,sr4,sr5,sr6,sr7,sr8,sr9,sr10,sr11,sr,partisanship,partisanship2,age,gender,crt1,crt2,crt3,crt4,crt5,crt6,crt7
1,Less Fake,No Feedback,60,70,70,70,75,10,30,70,40,40,20,90,65,35,75,40,30,75,60,0,70,65,65,70,75,70,70,85,70,80,75,75,30,80,75,40,40,30,80,75,Less Fake & No Feedback,,,Q25|Q44|Q29|Q9|Q26|Q11|Q24|Q34|Q47|Q36|Q13|Q18|Q43|Q27|Q31|Q22|Q28|Q15|Q49|Q17|Q40|Q32|Q45|Q46|Q41|Q19|Q23|Q16|Q42|Q39|Q14|Q12|Q35|Q33|Q38|Q50|Q48|Q20|Q37|Q30|Q21|Q10,,,,,,,,,3,4,3,"Fox News, Local newspaper website, ABC",3,2,2,3,3,2,2,4,2,2,2,1,25,Independent,,33,Male,2,Emily,4,10,39,8,No
2,Less Fake,No Feedback,80,75,75,81,100,10,75,75,40,74,0,80,75,75,65,100,70,80,75,40,100,25,71,75,49,51,70,75,75,100,75,100,80,100,75,75,40,100,80,100,Less Fake & No Feedback,,,Q23|Q11|Q32|Q18|Q22|Q45|Q47|Q20|Q46|Q30|Q37|Q13|Q25|Q26|Q10|Q41|Q29|Q38|Q21|Q39|Q28|Q24|Q17|Q19|Q40|Q44|Q9|Q42|Q16|Q35|Q50|Q31|Q33|Q12|Q49|Q43|Q15|Q48|Q34|Q14|Q36|Q27,,,,,,,,,3,1,6,Google News,5,5,5,5,1,1,1,3,5,5,5,5,41,Independent,,30,Male,1,June,8,50,20,7,No
3,Less Fake,No Feedback,94,55,96,13,96,18,51,92,61,78,66,87,64,85,76,25,31,82,92,61,51,28,51,95,29,50,90,94,86,76,50,12,66,91,78,18,72,66,88,67,Less Fake & No Feedback,,,Q39|Q20|Q38|Q35|Q19|Q12|Q34|Q27|Q31|Q23|Q36|Q13|Q28|Q47|Q21|Q50|Q16|Q17|Q29|Q26|Q48|Q40|Q14|Q24|Q22|Q44|Q42|Q46|Q45|Q41|Q9|Q49|Q18|Q32|Q33|Q30|Q11|Q25|Q43|Q10|Q37|Q15,,,,,,,,,3,2,2,"Google new, local news",3,4,4,5,1,1,2,3,4,2,4,2,32,Independent,,26,Female,2,Emily,8,50,20,8,Yes
4,Less Fake,No Feedback,74,68,67,84,91,8,77,72,25,23,86,30,72,67,28,30,22,68,73,11,24,11,32,6,61,64,75,80,82,74,27,72,19,100,80,28,72,67,33,81,Less Fake & No Feedback,,,Q20|Q45|Q27|Q42|Q41|Q26|Q10|Q44|Q12|Q50|Q49|Q17|Q43|Q32|Q33|Q18|Q21|Q36|Q23|Q29|Q16|Q22|Q38|Q37|Q15|Q13|Q35|Q34|Q25|Q9|Q19|Q24|Q48|Q14|Q40|Q47|Q28|Q39|Q46|Q30|Q11|Q31,,,,,,,,,3,1,3,"Nbc, kron, Facebook ",1,4,2,3,1,1,2,2,4,2,2,2,25,Democrat,,33,Female,1,Emily,8,50,20,8,Yes
5,Less Fake,No Feedback,100,60,80,81,90,0,92,100,30,80,70,79,100,70,89,0,80,90,70,0,90,72,60,90,81,100,100,100,89,100,0,100,100,81,70,0,81,100,100,100,Less Fake & No Feedback,,,Q31|Q38|Q34|Q9|Q50|Q26|Q43|Q24|Q25|Q37|Q14|Q47|Q40|Q41|Q20|Q36|Q42|Q48|Q19|Q33|Q18|Q17|Q29|Q39|Q23|Q49|Q11|Q45|Q35|Q21|Q16|Q32|Q27|Q28|Q10|Q15|Q44|Q30|Q46|Q13|Q12|Q22,,,,,,,,,5,4,4,"Washington Post, New York Times, CNN, In The Bubble podcast",3,2,1,2,1,1,1,2,1,1,1,1,14,Democrat,,36,Male,2,Emily,4,50,39,8,No
6,Less Fake,No Feedback,51,10,100,100,31,0,71,91,82,87,22,92,84,94,0,25,33,100,73,0,0,41,41,24,11,61,80,77,82,91,76,100,0,39,91,61,29,10,91,93,Less Fake & No Feedback,,,Q19|Q36|Q22|Q20|Q25|Q24|Q14|Q44|Q16|Q34|Q13|Q48|Q10|Q29|Q27|Q43|Q23|Q49|Q12|Q35|Q38|Q18|Q30|Q42|Q26|Q39|Q47|Q15|Q41|Q40|Q17|Q9|Q21|Q37|Q33|Q31|Q28|Q11|Q45|Q50|Q32|Q46,,,,,,,,,2,2,3,"NBC News, Fox News, Newsmax",3,4,4,4,1,1,2,1,3,4,4,3,31,Republican,,66,Male,2,Emily,8,50,39,8,Yes
7,Less Fake,No Feedback,50,100,100,13,62,0,30,42,100,79,26,69,79,28,73,26,49,16,70,1,100,79,100,100,74,100,100,100,73,100,100,100,31,100,100,31,48,100,100,100,Less Fake & No Feedback,,,Q17|Q14|Q39|Q13|Q16|Q44|Q19|Q22|Q12|Q42|Q41|Q9|Q11|Q47|Q36|Q18|Q49|Q28|Q43|Q40|Q24|Q45|Q32|Q25|Q20|Q29|Q10|Q35|Q31|Q46|Q30|Q34|Q23|Q27|Q21|Q37|Q15|Q48|Q50|Q38|Q33|Q26,,,,,,,,,2,1,6,"NYT, Bloomberg, NY post, livescience, science daily, MSNBC",3,5,5,5,1,1,1,1,1,3,1,1,25,Republican,,47,Male,1,Emily,4,50,39,8,Yes
8,Less Fake,No Feedback,100,96,92,100,100,30,100,100,95,100,100,100,91,100,100,100,60,81,94,100,91,100,88,82,100,100,79,100,100,100,86,37,100,92,39,100,100,73,100,100,Less Fake & No Feedback,,,Q22|Q29|Q11|Q42|Q10|Q28|Q44|Q43|Q19|Q34|Q13|Q23|Q45|Q25|Q24|Q33|Q40|Q39|Q9|Q48|Q18|Q20|Q46|Q37|Q21|Q38|Q47|Q15|Q35|Q50|Q17|Q14|Q49|Q41|Q16|Q31|Q26|Q36|Q12|Q32|Q27|Q30,,,,,,,,,4,4,1,Fox news,3,2,2,4,1,1,2,4,4,4,1,1,26,Independent,,49,Female,2,June,8,50,20,7,No
9,Less Fake,No Feedback,82,48,75,86,72,3,83,90,82,70,78,91,56,50,80,28,60,70,75,5,75,67,66,72,67,86,71,76,38,84,25,77,66,78,80,43,62,63,75,72,Less Fake & No Feedback,,,Q32|Q31|Q17|Q11|Q10|Q39|Q22|Q15|Q19|Q47|Q26|Q50|Q20|Q30|Q41|Q13|Q38|Q36|Q18|Q34|Q12|Q45|Q35|Q14|Q16|Q25|Q48|Q27|Q29|Q44|Q23|Q37|Q40|Q43|Q28|Q33|Q49|Q24|Q21|Q42|Q9|Q46,,,,,,,,,3,2,2,"CDC, Omaha.com",1,3,3,4,1,2,1,2,3,2,2,2,25,Independent,,55,Male,1,Emily,8,10,39,8,No
10,Less Fake,No Feedback,40,60,100,40,100,0,80,100,30,90,60,80,70,60,70,80,30,70,70,20,60,40,70,70,60,80,60,80,70,80,30,80,30,60,40,30,60,40,70,70,Less Fake & No Feedback,,,Q17|Q41|Q45|Q33|Q11|Q21|Q30|Q36|Q38|Q48|Q22|Q47|Q40|Q15|Q16|Q14|Q44|Q35|Q32|Q10|Q43|Q42|Q26|Q34|Q13|Q28|Q18|Q50|Q24|Q20|Q29|Q27|Q49|Q19|Q9|Q46|Q31|Q23|Q12|Q25|Q39|Q37,,,,,,,,,4,5,6,"CNN, NYT, WSJ, Huffpost, Buzzfeed",2,4,1,5,1,1,1,2,2,1,1,2,21,Democrat,,24,Female,1,June,8,50,20,8,Yes
11,Less Fake,No Feedback,61,70,51,69,61,0,0,62,32,19,70,100,62,65,0,74,100,70,35,72,70,100,33,60,29,19,32,61,71,71,83,61,69,68,100,39,77,100,30,25,Less Fake & No Feedback,,,Q47|Q15|Q19|Q26|Q29|Q30|Q49|Q14|Q20|Q10|Q33|Q46|Q22|Q23|Q37|Q34|Q17|Q9|Q18|Q42|Q43|Q44|Q12|Q36|Q38|Q13|Q25|Q31|Q32|Q21|Q16|Q41|Q24|Q27|Q48|Q28|Q45|Q50|Q11|Q40|Q39|Q35,,,,,,,,,5,5,2,"""CNN"",""FOXNEWS""",4,5,4,5,3,1,2,3,4,3,3,2,35,Republican,,34,Male,1,June,8,50,20,8,No
12,Less Fake,No Feedback,10,80,81,30,50,0,15,30,20,30,81,70,74,91,35,71,62,91,75,10,80,82,51,87,45,71,71,20,75,62,36,60,70,72,73,41,66,52,70,86,Less Fake & No Feedback,,,Q9|Q42|Q28|Q22|Q43|Q14|Q49|Q17|Q31|Q38|Q24|Q35|Q13|Q30|Q10|Q12|Q47|Q26|Q36|Q19|Q23|Q21|Q25|Q40|Q16|Q45|Q50|Q15|Q34|Q39|Q33|Q37|Q18|Q11|Q46|Q32|Q44|Q20|Q27|Q48|Q29|Q41,,,,,,,,,2,1,0,I do not regularly check the news concerning COVID-19 ,2,4,4,4,1,1,1,3,1,1,2,4,26,Independent,,22,Male,1,Emily,8,50,12,8,Yes
13,Less Fake,No Feedback,91,98,85,24,100,6,74,97,19,100,69,85,92,84,61,21,24,92,94,0,89,99,88,100,5,70,99,100,100,96,27,100,93,70,80,12,19,96,74,95,Less Fake & No Feedback,,,Q28|Q17|Q33|Q36|Q41|Q15|Q16|Q30|Q9|Q39|Q43|Q48|Q34|Q13|Q25|Q44|Q37|Q23|Q49|Q35|Q21|Q27|Q45|Q11|Q31|Q46|Q50|Q19|Q42|Q38|Q24|Q47|Q40|Q20|Q12|Q29|Q26|Q10|Q18|Q22|Q32|Q14,,,,,,,,,4,4,6,"CNN, Apple News, Fox News, ABC",4,2,2,2,1,1,2,2,3,2,4,3,24,Democrat,,26,Female,1,June,8,50,20,8,No
14,Less Fake,No Feedback,100,42,93,100,100,0,100,100,19,71,100,72,65,93,100,44,45,100,75,0,46,78,51,96,0,85,52,100,80,97,0,100,81,53,56,62,89,60,48,68,Less Fake & No Feedback,,,Q14|Q13|Q38|Q46|Q37|Q30|Q29|Q10|Q35|Q9|Q18|Q34|Q15|Q24|Q39|Q20|Q25|Q27|Q26|Q23|Q41|Q33|Q49|Q11|Q47|Q19|Q28|Q43|Q16|Q40|Q22|Q48|Q42|Q44|Q12|Q31|Q36|Q50|Q32|Q17|Q21|Q45,,,,,,,,,3,3,3,"NBC, CNN, TIK TOK, DOCTORS",3,2,1,5,1,1,1,5,4,1,4,3,28,Democrat,,19,Female,1,Emily,8,1,20,7,Yes
15,Less Fake,No Feedback,60,71,30,90,75,19,82,81,50,71,100,81,83,50,30,50,30,80,90,9,60,71,75,80,70,75,65,81,82,80,80,40,81,50,82,50,60,50,65,81,Less Fake & No Feedback,,,Q40|Q9|Q35|Q31|Q47|Q29|Q28|Q49|Q34|Q50|Q37|Q44|Q38|Q17|Q32|Q10|Q43|Q22|Q26|Q27|Q24|Q39|Q18|Q25|Q20|Q14|Q16|Q23|Q48|Q36|Q13|Q15|Q42|Q21|Q46|Q33|Q12|Q11|Q30|Q41|Q45|Q19,,,,,,,,,3,2,2,"CDC.gov, Reddit",5,5,5,5,1,1,1,1,4,1,1,1,26,Independent,,28,Male,2,Emily,4,10,39,8,Yes
16,Less Fake,No Feedback,80,60,100,100,60,50,78,85,80,60,15,90,51,70,80,80,100,70,84,98,30,80,50,6,80,50,50,100,79,73,50,86,30,100,93,70,78,70,88,97,Less Fake & No Feedback,,,Q14|Q46|Q38|Q16|Q37|Q10|Q11|Q44|Q19|Q43|Q26|Q29|Q23|Q15|Q24|Q20|Q48|Q31|Q50|Q35|Q9|Q32|Q34|Q49|Q47|Q28|Q39|Q33|Q40|Q45|Q21|Q22|Q30|Q41|Q13|Q27|Q18|Q12|Q25|Q36|Q17|Q42,,,,,,,,,1,1,6,"Christian news, BBC, Foxnews, newsmax, Washington post, New york times, underground news",3,1,1,1,1,1,3,1,4,5,4,4,26,Republican,,39,Male,2,emily,4,10,39,8,Yes
17,Less Fake,No Feedback,91,84,93,100,92,0,91,100,94,93,94,84,93,80,91,90,84,84,100,90,100,21,83,95,35,79,100,100,97,100,0,100,25,92,88,80,51,88,94,100,Less Fake & No Feedback,,,Q16|Q10|Q21|Q12|Q20|Q13|Q25|Q50|Q23|Q45|Q30|Q33|Q39|Q47|Q9|Q46|Q17|Q44|Q24|Q15|Q27|Q38|Q26|Q37|Q43|Q29|Q32|Q22|Q42|Q41|Q11|Q48|Q31|Q19|Q28|Q18|Q40|Q35|Q49|Q36|Q34|Q14,,,,,,,,,5,4,6,various news sources on apple news,3,1,1,2,1,1,1,2,1,1,1,1,13,Democrat,,44,Female,2,june,4,50,39,8,No
18,Less Fake,No Feedback,90,50,100,100,84,0,27,94,15,90,100,60,82,78,89,41,81,71,70,0,53,98,61,93,100,80,90,78,96,79,50,69,64,66,75,79,9,69,83,20,Less Fake & No Feedback,,,Q21|Q37|Q9|Q19|Q29|Q36|Q15|Q25|Q49|Q44|Q39|Q33|Q23|Q28|Q35|Q50|Q31|Q11|Q20|Q24|Q18|Q34|Q26|Q10|Q22|Q16|Q17|Q32|Q12|Q14|Q27|Q45|Q47|Q48|Q40|Q46|Q30|Q42|Q41|Q13|Q43|Q38,,,,,,,,,4,2,2,"Reddit, Local news",3,4,4,4,1,1,2,3,2,1,1,2,25,Democrat,,28,Female,1,Emily,8,50,39,8,No
19,Less Fake,No Feedback,81,61,81,19,85,9,72,71,61,29,71,74,70,70,31,71,31,81,69,20,52,40,60,59,19,70,81,71,87,86,55,29,40,89,51,40,78,66,70,91,Less Fake & No Feedback,,,Q11|Q38|Q45|Q32|Q48|Q41|Q25|Q26|Q18|Q31|Q16|Q13|Q23|Q12|Q50|Q21|Q36|Q39|Q34|Q20|Q43|Q40|Q44|Q29|Q30|Q33|Q28|Q14|Q27|Q24|Q37|Q9|Q15|Q46|Q17|Q10|Q49|Q19|Q42|Q47|Q22|Q35,,,,,,,,,2,3,6,"NY Times, Washington Post, WNYC/NPR, CNN, CSPAN, Reuters, AP News",3,2,2,3,2,1,4,2,4,3,4,2,29,Democrat,,36,Male,2,Emily,4,1,39,8,No
20,Less Fake,No Feedback,66,53,42,100,100,0,40,100,74,76,58,100,93,57,95,56,51,78,64,1,94,52,78,96,98,91,97,100,82,100,57,100,93,82,96,82,90,61,97,100,Less Fake & No Feedback,,,Q10|Q32|Q29|Q11|Q42|Q40|Q28|Q18|Q39|Q36|Q13|Q45|Q38|Q15|Q19|Q37|Q33|Q50|Q23|Q21|Q9|Q14|Q49|Q34|Q44|Q16|Q48|Q35|Q26|Q22|Q25|Q43|Q31|Q20|Q27|Q24|Q12|Q17|Q41|Q46|Q47|Q30,,,,,,,,,5,4,1,NY Times,2,3,3,3,1,1,1,1,1,1,1,1,17,Democrat,,65,Male,2,Emily,4,10,39,8,No
21,Less Fake,No Feedback,75,50,90,100,81,0,66,100,50,78,80,70,85,76,76,75,66,82,76,19,79,71,75,79,80,70,88,79,76,100,69,70,90,41,69,39,70,32,84,94,Less Fake & No Feedback,,,Q14|Q30|Q37|Q13|Q27|Q22|Q47|Q38|Q29|Q21|Q34|Q26|Q49|Q44|Q18|Q46|Q15|Q45|Q11|Q35|Q28|Q40|Q17|Q41|Q31|Q9|Q16|Q12|Q19|Q36|Q20|Q48|Q10|Q24|Q32|Q25|Q33|Q23|Q43|Q42|Q39|Q50,,,,,,,,,3,3,3,"New York Times, CNN, Washington post",3,2,2,2,1,1,2,3,2,2,2,4,23,Democrat,,35,Female,2,Emily,8,10,39,8,No
22,Less Fake,No Feedback,100,81,70,100,83,0,51,100,100,73,20,100,100,100,20,30,51,82,51,10,51,93,30,10,83,100,100,100,100,100,100,100,19,82,81,10,73,100,51,51,Less Fake & No Feedback,,,Q40|Q14|Q43|Q20|Q50|Q35|Q48|Q29|Q31|Q28|Q39|Q44|Q10|Q16|Q25|Q13|Q30|Q37|Q34|Q36|Q46|Q41|Q49|Q17|Q19|Q38|Q12|Q45|Q9|Q47|Q33|Q42|Q23|Q21|Q22|Q18|Q27|Q32|Q26|Q24|Q15|Q11,,,,,,,,,4,4,3,"Associated Press, NY Times, Rueters",1,2,2,4,1,1,3,2,2,2,2,2,23,Democrat,,64,Male,1,June,8,50,39,7,No
23,Less Fake,No Feedback,90,25,70,85,70,5,55,90,30,60,75,70,70,35,25,60,30,80,65,10,85,75,70,90,20,65,80,75,65,75,70,90,20,80,70,15,65,60,65,95,Less Fake & No Feedback,,,Q20|Q22|Q12|Q44|Q42|Q35|Q49|Q19|Q29|Q41|Q11|Q18|Q46|Q24|Q9|Q30|Q21|Q15|Q39|Q10|Q13|Q45|Q36|Q40|Q28|Q34|Q50|Q47|Q33|Q27|Q37|Q31|Q32|Q38|Q14|Q43|Q26|Q16|Q23|Q17|Q25|Q48,,,,,,,,,3,2,3,"NPR, CNN, FOX",2,4,4,4,2,2,2,4,4,4,4,2,36,Republican,,36,Male,2,Emily,4,10,39,8,No
24,Less Fake,No Feedback,100,85,95,90,60,0,49,100,39,75,99,75,100,81,85,51,10,75,20,75,75,75,90,40,70,80,100,100,100,82,60,0,95,95,100,75,20,93,66,10,Less Fake & No Feedback,,,Q38|Q30|Q25|Q43|Q16|Q49|Q39|Q11|Q13|Q20|Q46|Q24|Q42|Q36|Q23|Q40|Q48|Q9|Q22|Q45|Q27|Q12|Q28|Q32|Q17|Q41|Q29|Q35|Q34|Q33|Q37|Q50|Q18|Q15|Q19|Q14|Q31|Q26|Q44|Q21|Q10|Q47,,,,,,,,,4,2,1,CNN,1,5,1,4,1,1,2,2,2,3,1,2,24,Democrat,,20,Male,2,Emily,4,10,20,8,Yes
25,Less Fake,No Feedback,72,65,70,72,85,5,31,88,34,67,95,35,95,78,50,34,17,95,71,18,76,57,50,44,70,50,95,95,73,56,68,95,50,91,70,90,38,50,50,76,Less Fake & No Feedback,,,Q20|Q28|Q38|Q36|Q15|Q46|Q42|Q37|Q23|Q49|Q43|Q25|Q35|Q21|Q12|Q19|Q22|Q31|Q17|Q9|Q48|Q44|Q34|Q33|Q50|Q13|Q47|Q29|Q40|Q26|Q18|Q41|Q10|Q39|Q16|Q30|Q45|Q24|Q14|Q32|Q27|Q11,,,,,,,,,5,3,2,"Google News, Facebook News",5,4,1,4,1,1,1,3,5,4,2,3,29,Democrat,,38,Male,1,June,4,50,39,8,No
26,Less Fake,No Feedback,100,77,96,100,95,58,76,100,86,100,83,96,86,91,71,87,41,100,91,2,90,81,91,87,92,88,96,79,100,82,8,100,82,84,100,10,37,86,80,93,Less Fake & No Feedback,,,Q30|Q46|Q20|Q49|Q13|Q16|Q42|Q15|Q10|Q28|Q40|Q34|Q17|Q41|Q43|Q32|Q38|Q44|Q11|Q31|Q12|Q24|Q29|Q47|Q48|Q50|Q35|Q9|Q19|Q18|Q45|Q33|Q37|Q22|Q14|Q25|Q23|Q36|Q26|Q27|Q21|Q39,,,,,,,,,4,3,1,Breitbart ,3,4,4,4,1,2,1,2,4,4,4,4,34,Republican,,44,Male,2,Emily,4,10,39,8,Yes
27,Less Fake,No Feedback,99,53,10,86,100,0,8,91,41,19,19,38,59,40,24,19,80,70,72,20,51,94,37,90,8,73,56,68,29,85,6,100,66,93,15,29,61,55,91,92,Less Fake & No Feedback,,,Q28|Q11|Q50|Q45|Q30|Q17|Q31|Q14|Q27|Q49|Q18|Q46|Q19|Q26|Q9|Q34|Q15|Q39|Q10|Q20|Q32|Q36|Q16|Q33|Q42|Q13|Q44|Q47|Q38|Q24|Q23|Q12|Q48|Q25|Q22|Q43|Q29|Q37|Q21|Q41|Q35|Q40,,,,,,,,,3,2,2,"NBC news app, CBS local tv news",2,4,4,4,1,1,1,2,4,3,2,2,28,Democrat,,55,Male,2,Emily,4,10,39,8,Yes
28,Less Fake,No Feedback,100,24,81,100,80,25,24,23,81,0,81,81,76,0,77,23,79,82,100,0,92,82,100,93,26,25,81,21,77,81,79,82,24,87,82,78,24,99,19,100,Less Fake & No Feedback,,,Q40|Q11|Q9|Q14|Q13|Q38|Q42|Q43|Q23|Q31|Q27|Q20|Q25|Q35|Q48|Q46|Q24|Q21|Q39|Q28|Q10|Q15|Q47|Q22|Q44|Q17|Q12|Q16|Q18|Q36|Q26|Q33|Q30|Q45|Q34|Q41|Q50|Q19|Q29|Q32|Q49|Q37,,,,,,,,,5,5,2,"""CNN"" ""BBC""",2,5,1,5,5,5,5,1,5,5,1,5,43,Democrat,,47,Male,2,Emily,8,50,20,7,No
29,Less Fake,No Feedback,100,92,94,35,100,0,29,86,29,100,91,24,91,93,81,10,40,100,88,0,88,90,96,83,83,80,92,100,90,88,50,39,70,27,61,70,74,0,100,84,Less Fake & No Feedback,,,Q30|Q25|Q11|Q24|Q14|Q33|Q28|Q29|Q44|Q45|Q21|Q49|Q46|Q41|Q19|Q9|Q38|Q10|Q16|Q50|Q31|Q37|Q32|Q18|Q20|Q23|Q36|Q13|Q39|Q12|Q42|Q35|Q48|Q15|Q34|Q47|Q43|Q40|Q27|Q22|Q17|Q26,,,,,,,,,5,3,2,"Alerts sent directly to my phone, CNN",3,2,2,4,1,2,2,3,3,2,2,2,25,Democrat,,18,Female,2,Emily,8,50,39,8,Yes
30,Less Fake,No Feedback,70,67,92,93,92,3,64,87,51,80,59,73,76,66,84,77,16,98,70,0,87,68,63,71,64,66,92,62,96,100,0,93,36,62,70,0,71,37,73,86,Less Fake & No Feedback,,,Q39|Q37|Q13|Q25|Q11|Q41|Q27|Q24|Q28|Q38|Q23|Q32|Q17|Q14|Q43|Q47|Q10|Q35|Q20|Q49|Q48|Q19|Q33|Q31|Q44|Q45|Q40|Q15|Q16|Q36|Q26|Q9|Q29|Q12|Q42|Q30|Q46|Q21|Q34|Q50|Q22|Q18,,,,,,,,,5,4,3,"MSNBC, CNN, Twitter ",2,2,2,4,1,1,1,2,1,1,2,1,18,Democrat,,34,Female,2,June,8,50,20,8,No
31,Less Fake,No Feedback,74,100,78,28,65,97,30,20,100,16,75,100,80,63,76,32,61,70,64,76,99,60,71,89,0,90,69,50,78,70,16,58,70,13,37,11,99,50,16,93,Less Fake & No Feedback,,,Q30|Q28|Q48|Q36|Q38|Q16|Q17|Q10|Q42|Q32|Q47|Q44|Q24|Q9|Q45|Q11|Q31|Q33|Q35|Q13|Q40|Q21|Q14|Q50|Q41|Q39|Q18|Q37|Q43|Q26|Q23|Q49|Q20|Q22|Q25|Q15|Q12|Q27|Q34|Q46|Q19|Q29,,,,,,,,,5,3,1,Fox news,1,5,4,4,2,1,4,1,1,4,2,1,29,Republican,,30,Male,1,Emily,8,10,18,8,No
32,Less Fake,No Feedback,80,40,60,100,61,30,40,90,40,85,85,40,66,46,40,95,70,81,71,0,71,69,70,90,86,50,60,90,65,90,90,90,91,70,80,40,65,60,35,85,Less Fake & No Feedback,,,Q21|Q17|Q16|Q27|Q48|Q45|Q38|Q22|Q44|Q32|Q36|Q29|Q26|Q19|Q15|Q24|Q11|Q14|Q49|Q39|Q47|Q43|Q18|Q13|Q28|Q41|Q35|Q23|Q37|Q20|Q10|Q33|Q12|Q9|Q30|Q31|Q50|Q46|Q34|Q25|Q42|Q40,,,,,,,,,4,4,3,"NPR, Politico, ABC",2,2,1,2,1,1,1,2,1,1,1,1,14,Democrat,,25,Female,1,Emily,8,50,20,8,Yes
33,Less Fake,No Feedback,51,63,74,33,51,51,26,51,51,51,33,31,51,51,50,51,70,81,51,50,69,51,51,60,51,33,66,78,61,51,76,77,73,51,73,51,26,51,51,70,Less Fake & No Feedback,,,Q27|Q28|Q30|Q46|Q11|Q42|Q37|Q40|Q14|Q35|Q18|Q20|Q47|Q36|Q41|Q10|Q33|Q16|Q44|Q38|Q43|Q25|Q48|Q23|Q39|Q50|Q13|Q34|Q12|Q15|Q29|Q9|Q24|Q31|Q45|Q49|Q17|Q21|Q26|Q19|Q22|Q32,,,,,,,,,2,1,6,Twitter news providing accounts,2,3,3,3,1,1,1,1,3,1,3,1,21,Republican,,30,Male,2,June,8,50,39,8,No
34,Less Fake,No Feedback,78,85,100,93,99,0,98,97,65,83,63,86,81,88,73,59,82,72,86,1,95,46,94,95,92,100,79,93,96,95,87,96,70,73,90,50,92,81,85,96,Less Fake & No Feedback,,,Q43|Q32|Q20|Q29|Q25|Q34|Q16|Q47|Q30|Q12|Q35|Q19|Q18|Q31|Q39|Q33|Q36|Q48|Q22|Q14|Q11|Q23|Q42|Q13|Q50|Q27|Q44|Q28|Q46|Q10|Q15|Q24|Q49|Q9|Q45|Q41|Q26|Q40|Q37|Q17|Q21|Q38,,,,,,,,,4,3,2,"New York Times, Kottke.org, Gawker, Google News",4,1,2,2,2,1,3,2,4,2,3,4,26,Democrat,,31,Male,1,June,8,10,39,8,No
35,Less Fake,No Feedback,79,90,71,77,77,0,40,91,65,16,65,100,92,73,21,17,84,95,29,0,100,80,30,82,70,72,51,70,29,100,51,100,0,41,70,50,20,86,20,100,Less Fake & No Feedback,,,Q31|Q32|Q16|Q11|Q37|Q42|Q50|Q29|Q26|Q23|Q40|Q33|Q48|Q41|Q21|Q43|Q22|Q18|Q34|Q27|Q28|Q47|Q49|Q36|Q19|Q25|Q14|Q15|Q12|Q20|Q13|Q44|Q24|Q17|Q35|Q9|Q45|Q39|Q10|Q30|Q46|Q38,,,,,,,,,3,3,6,"BBC, Fox, ABC, CNN, Bloomburg, Huffington Post, Washington Post, New York Post",1,4,4,5,1,1,1,3,3,3,3,2,30,Independent,,67,Male,1,Emily,4,10,39,8,No
36,Less Fake,No Feedback,81,85,81,89,77,3,23,86,38,51,70,61,72,25,79,12,38,83,77,14,70,84,66,85,73,42,78,69,75,81,75,85,65,71,83,76,74,71,51,84,Less Fake & No Feedback,,,Q40|Q50|Q26|Q36|Q35|Q25|Q24|Q15|Q20|Q33|Q22|Q17|Q18|Q39|Q47|Q19|Q41|Q44|Q49|Q27|Q31|Q21|Q43|Q38|Q23|Q12|Q14|Q11|Q34|Q10|Q42|Q48|Q28|Q16|Q45|Q29|Q9|Q13|Q37|Q46|Q32|Q30,,,,,,,,,2,1,1,Fox News,2,4,4,4,4,2,3,1,3,2,3,3,33,Republican,,37,Male,2,Emily,4,10,39,8,Yes
37,Less Fake,No Feedback,63,66,75,64,98,0,26,75,43,70,81,79,67,66,60,81,69,92,75,31,56,61,85,77,100,90,76,97,72,92,98,94,74,3,74,37,69,84,54,69,Less Fake & No Feedback,,,Q19|Q16|Q13|Q48|Q36|Q12|Q33|Q17|Q10|Q34|Q43|Q18|Q32|Q31|Q29|Q28|Q11|Q38|Q47|Q37|Q39|Q49|Q35|Q25|Q41|Q40|Q14|Q50|Q42|Q22|Q9|Q27|Q23|Q44|Q21|Q24|Q15|Q30|Q46|Q45|Q26|Q20,,,,,,,,,5,2,2,"County website, abc news, washington post",2,1,1,4,1,1,1,1,2,2,2,3,19,Democrat,,35,Female,2,June,8,50,39,8,No
38,Less Fake,No Feedback,71,45,70,86,75,10,71,68,20,75,25,65,30,68,20,80,30,85,70,20,25,70,20,10,20,85,18,71,64,92,10,92,20,85,76,20,30,25,71,88,Less Fake & No Feedback,,,Q33|Q15|Q26|Q30|Q13|Q28|Q22|Q27|Q31|Q25|Q18|Q36|Q24|Q46|Q39|Q44|Q47|Q17|Q37|Q11|Q48|Q41|Q9|Q16|Q32|Q19|Q29|Q35|Q20|Q49|Q42|Q23|Q21|Q34|Q43|Q40|Q10|Q12|Q38|Q50|Q14|Q45,,,,,,,,,3,2,4,"MSN, Fox, CNN, ABC",2,4,4,4,1,1,1,4,4,2,4,3,32,Independent,,72,Female,2,Emily,4,10,39,8,Yes
39,Less Fake,No Feedback,75,70,95,70,70,1,20,30,70,20,80,70,70,90,70,90,80,90,60,20,80,40,95,80,70,80,85,80,75,40,80,60,10,70,70,95,70,70,30,70,Less Fake & No Feedback,,,Q46|Q41|Q33|Q17|Q21|Q10|Q25|Q20|Q19|Q32|Q44|Q38|Q42|Q12|Q28|Q31|Q45|Q29|Q14|Q47|Q50|Q22|Q13|Q49|Q40|Q48|Q23|Q30|Q34|Q15|Q36|Q43|Q16|Q18|Q35|Q9|Q27|Q26|Q24|Q11|Q39|Q37,,,,,,,,,2,3,3,"NYTimes, CNN, NBC",4,4,5,5,1,3,2,2,2,2,2,2,30,Republican,,22,Male,1,Emily,8,50,20,8,No
40,Less Fake,No Feedback,53,0,60,53,75,50,0,10,50,27,15,68,50,34,5,17,39,73,94,0,40,94,59,83,66,71,57,100,63,94,50,34,70,58,83,91,0,0,50,83,Less Fake & No Feedback,,,Q27|Q36|Q48|Q40|Q12|Q39|Q9|Q24|Q43|Q34|Q23|Q38|Q26|Q33|Q44|Q13|Q30|Q28|Q46|Q22|Q32|Q25|Q50|Q15|Q18|Q41|Q10|Q21|Q42|Q16|Q49|Q45|Q47|Q29|Q37|Q14|Q31|Q19|Q20|Q35|Q11|Q17,,,,,,,,,3,3,2,google and twitter ,1,4,4,5,2,1,1,3,2,2,2,1,27,Democrat,,20,Male,2,Emily,4,19,39,8,Yes
41,Less Fake,No Feedback,92,73,76,0,0,0,4,100,86,29,85,91,15,13,1,5,0,68,71,0,0,100,30,91,71,0,92,13,95,86,0,19,61,0,60,4,0,95,19,91,Less Fake & No Feedback,,,Q22|Q48|Q20|Q15|Q26|Q30|Q18|Q19|Q24|Q38|Q9|Q45|Q29|Q49|Q42|Q10|Q33|Q35|Q34|Q46|Q40|Q50|Q16|Q12|Q28|Q11|Q37|Q23|Q41|Q47|Q32|Q31|Q21|Q27|Q43|Q39|Q44|Q17|Q36|Q14|Q13|Q25,,,,,,,,,5,5,3,"cnn, fox, NBC",1,5,5,5,1,1,3,1,1,1,1,1,25,Democrat,,45,Male,2,june,8,500,20,7,Yes
42,Less Fake,No Feedback,83,60,76,51,72,0,91,81,51,84,92,93,80,94,30,51,41,72,90,8,83,92,72,96,51,80,92,78,77,91,51,51,50,72,86,51,61,30,72,51,Less Fake & No Feedback,,,Q23|Q32|Q17|Q40|Q41|Q19|Q44|Q48|Q27|Q38|Q20|Q24|Q18|Q22|Q11|Q36|Q37|Q28|Q50|Q43|Q31|Q33|Q29|Q49|Q47|Q42|Q16|Q45|Q39|Q12|Q26|Q34|Q25|Q46|Q35|Q14|Q13|Q10|Q9|Q21|Q30|Q15,,,,,,,,,4,2,2,"msnbc, facebook",4,2,2,4,1,1,1,2,2,1,1,1,18,Democrat,,24,Female,1,Emily,8,50,20,8,No
43,More Fake,No Feedback,81,50,71,50,100,0,54,88,51,100,85,60,40,52,50,40,30,70,81,9,60,70,50,39,60,0,30,50,50,100,50,50,50,40,50,2,20,100,20,50,More Fake & No Feedback,,,,,,,,,,,,5,5,6,"News Channels on Television, typically MSNBC, The Young Turks, CNN, occasionally Fox for context; News Readers such as Google News, which provides and amalgamation of various news sources, then following up with articles of interest by following up on their source materials.",4,5,5,5,1,1,1,3,1,1,3,1,27,Independent,,47,Male,1,June,8,10,39,8,No
44,More Fake,No Feedback,86,68,79,81,95,41,9,90,61,51,81,71,84,89,32,40,51,91,82,0,83,26,82,96,29,29,19,51,0,0,0,8,91,12,7,0,70,70,43,39,More Fake & No Feedback,,,,,,,,,,,,4,2,1,local health department,2,2,2,3,1,5,2,4,3,2,2,1,27,Democrat,,22,Female,1,Emily,8,50,20,8,No
45,More Fake,No Feedback,42,68,70,10,10,65,45,0,70,8,0,81,60,56,55,15,52,81,73,25,65,55,13,66,56,19,0,14,60,0,20,20,60,30,55,17,100,15,72,29,More Fake & No Feedback,,,,,,,,,,,,2,2,4,"Fox,CNN, local news, newsmax , online sources",2,4,2,4,1,1,2,3,3,4,2,1,27,Other,Constitutionalist,36,Male,2,Emily,8,50,20,8,No
46,More Fake,No Feedback,78,50,100,0,60,65,50,0,50,0,0,20,84,75,38,50,0,87,100,25,19,100,21,23,88,50,0,4,50,4,5,10,51,100,60,11,50,21,73,91,More Fake & No Feedback,,,,,,,,,,,,1,1,0,I do not watch news by choice ,3,5,4,5,1,1,2,3,4,4,5,5,39,Independent,,33,Female,1,Emily,8,10,20,8,Yes
47,More Fake,No Feedback,99,5,96,98,100,92,87,100,52,100,100,90,53,99,92,97,18,100,93,0,100,79,93,3,73,0,15,10,82,0,1,10,90,51,92,1,52,52,47,71,More Fake & No Feedback,,,,,,,,,,,,4,2,3,"BBC,  Euronews,  PBS.",1,5,5,5,1,1,3,1,2,2,2,2,29,Independent,,79,Female,1,June,8,10,39,7,Yes
48,More Fake,No Feedback,71,55,60,55,90,6,56,78,80,30,57,90,70,59,24,88,29,71,61,8,59,55,40,80,0,0,9,30,51,0,39,5,54,38,9,1,70,64,40,60,More Fake & No Feedback,,,,,,,,,,,,2,2,3,"Chicago Tribune, Chicago Sun-Times, CNN",2,2,2,4,1,2,2,2,3,1,3,2,24,Democrat,,43,Male,2,Emily,4,10,39,8,Yes
49,More Fake,No Feedback,100,80,100,80,100,0,40,100,70,80,90,90,100,90,40,70,10,90,60,0,40,80,100,90,20,0,0,50,40,0,0,0,80,50,0,0,0,60,80,70,More Fake & No Feedback,,,,,,,,,,,,4,3,5,"CNN, The Guardian, NJ.com, covid19.nj.gov, CDC.gov",2,2,2,4,1,1,1,2,3,1,2,2,21,Democrat,,28,Female,2,Emily,8,10,39,8,Yes
50,More Fake,No Feedback,56,33,63,62,78,19,72,98,47,28,34,71,87,34,20,41,34,79,38,16,82,82,59,28,27,23,10,16,33,2,41,37,74,40,31,0,27,33,65,62,More Fake & No Feedback,,,,,,,,,,,,3,3,6,"Abc, Nbc, cbs, reuters, associated press, BBC News, Daily Mail, etc.",3,5,5,5,1,1,2,2,2,2,3,2,30,Democrat,,44,Female,1,Emily,8,50,20,8,Yes
51,More Fake,No Feedback,100,100,100,19,100,20,100,100,100,100,82,100,100,100,100,94,0,100,100,0,100,100,100,100,24,0,9,0,0,0,0,0,100,50,0,0,0,100,0,10,More Fake & No Feedback,,,,,,,,,,,,2,2,0,internet,5,2,2,2,1,1,1,1,4,3,2,4,23,Independent,,55,Female,1,emily,8,10,39,8,Yes
52,More Fake,No Feedback,100,81,95,80,100,0,85,95,65,95,100,50,80,85,75,45,50,95,55,0,75,80,90,85,5,14,0,60,0,0,0,34,85,35,45,0,25,100,70,13,More Fake & No Feedback,,,,,,,,,,,,3,1,6,"CNN, BBC, CSPAN, NEW YORK TIMES, NBC, NPR",2,5,2,5,1,1,1,2,2,1,2,2,24,Other,Leftist,18,Male,1,June,8,50,20,7,No
53,More Fake,No Feedback,67,64,72,95,66,31,39,77,65,62,94,72,57,86,55,55,35,61,78,19,86,69,50,97,5,21,11,50,57,9,22,23,87,32,9,2,71,29,59,42,More Fake & No Feedback,,,,,,,,,,,,3,2,3,"cnn,msnbc,fox",1,5,4,4,1,3,2,3,2,1,2,4,31,Independent,,31,Non-binary / third gender,1,emily,8,10,20,8,No
54,More Fake,No Feedback,73,73,97,63,78,33,60,81,59,74,73,55,69,69,63,36,82,85,35,27,72,69,62,71,69,20,37,51,61,49,27,50,75,63,33,26,56,57,58,52,More Fake & No Feedback,,,,,,,,,,,,3,4,2,"Local news, CNN",2,4,2,3,2,2,2,2,3,2,3,4,29,Democrat,,23,Female,2,Emily,4,10,39,8,Yes
55,More Fake,No Feedback,84,70,65,73,63,23,45,75,39,70,61,41,74,67,60,79,61,72,51,40,61,70,61,84,39,40,40,45,56,23,30,62,67,72,35,19,71,70,29,55,More Fake & No Feedback,,,,,,,,,,,,2,2,3,"CNN, FOX, MSNBC",4,4,4,4,1,3,3,3,3,4,4,4,37,Republican,,25,Male,2,Emily,8,1,39,8,No
56,More Fake,No Feedback,94,92,91,100,100,7,87,99,74,80,82,99,69,82,72,55,30,99,82,0,100,73,94,99,0,0,3,29,18,0,13,0,90,60,35,0,68,84,83,78,More Fake & No Feedback,,,,,,,,,,,,3,4,4,"Washington Post, NY Times, Twitter, Reddit",2,2,1,2,1,1,1,1,2,1,3,1,16,Democrat,,38,Female,2,Emily,4,10,39,8,Yes
57,More Fake,No Feedback,70,61,85,71,84,71,65,64,65,91,81,51,82,80,76,62,35,74,24,31,77,67,51,84,31,19,37,40,51,13,22,44,70,30,50,40,62,77,88,70,More Fake & No Feedback,,,,,,,,,,,,4,2,2,"Fox, CNN",4,4,4,4,1,1,3,4,4,4,2,5,36,Democrat,,20,Female,2,Emily,4,10,20,8,Yes
58,More Fake,No Feedback,100,71,100,81,63,0,14,86,78,100,100,100,100,87,100,0,0,100,0,0,70,60,69,31,0,0,0,6,76,0,0,0,100,0,68,0,100,18,82,54,More Fake & No Feedback,,,,,,,,,,,,4,3,3,"CNN, New York Times, Apple News ",1,4,3,4,1,1,2,2,3,5,3,3,31,Republican,,38,Female,2,Emily ,8,10,20,8,No
59,More Fake,No Feedback,75,51,77,29,82,40,45,61,71,77,75,51,80,65,72,62,62,61,76,4,84,51,63,57,25,37,30,53,11,6,28,26,67,51,2,44,66,78,60,47,More Fake & No Feedback,,,,,,,,,,,,4,3,3,"cnn, usa, twitter",2,3,3,4,1,2,2,3,2,3,3,2,28,Democrat,,21,Female,2,june,8,50,20,8,Yes
60,More Fake,No Feedback,100,0,70,0,100,0,45,59,57,68,59,71,62,60,59,76,62,76,58,0,62,59,60,66,0,64,0,16,31,0,0,0,42,68,0,0,0,100,75,56,More Fake & No Feedback,,,,,,,,,,,,3,2,2,"Instagram, CNN",3,5,5,5,1,1,1,3,2,2,3,3,31,Democrat,,23,Male,2,Emily,4,10,39,8,No
61,More Fake,No Feedback,77,76,86,80,80,82,76,70,82,78,75,85,75,92,75,82,78,84,74,75,70,82,74,71,65,93,78,70,90,82,88,76,82,80,90,92,82,70,70,92,More Fake & No Feedback,,,,,,,,,,,,4,4,6,CBS,2,5,4,4,1,5,2,1,4,5,4,5,40,Democrat,,41,Male,1,Emily,8,50,10,7,No
62,More Fake,No Feedback,92,75,92,90,90,0,91,80,92,100,60,100,91,86,87,90,60,85,70,81,81,71,84,87,0,0,60,30,40,0,0,25,80,83,50,0,90,91,80,75,More Fake & No Feedback,,,,,,,,,,,,5,4,3,"Yahoo! News, Reddit, Bing Search",1,5,5,5,2,1,1,4,1,4,3,1,32,Republican,,31,Male,2,Emily,4,10,39,8,Yes
63,More Fake,No Feedback,39,59,88,46,64,4,14,37,56,56,62,72,57,59,59,27,29,78,48,0,58,73,67,50,3,21,3,61,32,0,2,29,66,11,50,22,44,64,54,80,More Fake & No Feedback,,,,,,,,,,,,3,2,2,"google,who",2,4,4,4,3,2,2,3,5,4,4,4,39,Independent,,23,Male,2,June,4,10,39,8,Yes
64,More Fake,No Feedback,70,50,95,100,100,60,60,100,75,85,100,100,100,80,75,90,60,90,60,5,100,95,50,90,50,25,65,60,65,0,0,10,85,50,10,0,30,95,50,50,More Fake & No Feedback,,,,,,,,,,,,5,2,0,Whatever pops up first on social media,1,4,4,3,1,1,1,1,4,4,5,5,33,Democrat,,27,Female,2,Emily,8,10,20,8,Yes
65,More Fake,No Feedback,70,75,85,55,85,75,30,75,65,70,70,75,80,85,85,50,80,90,70,15,85,75,85,90,15,25,25,55,20,15,40,35,75,40,40,5,40,60,70,60,More Fake & No Feedback,,,,,,,,,,,,3,3,3,"Reddit, Google News, YouTube",2,1,2,2,1,3,2,2,2,2,2,1,20,Democrat,,22,Male,2,Emily,8,10,20,8,Yes
66,More Fake,No Feedback,58,32,35,62,34,55,40,37,36,52,67,40,68,40,52,34,75,45,66,57,68,52,75,45,42,48,65,64,66,47,60,80,30,17,52,58,27,16,68,67,More Fake & No Feedback,,,,,,,,,,,,4,3,2,"social media, TV, Radio, Newspapper",3,4,4,3,2,4,3,2,4,4,3,4,37,Democrat,,30,Male,2,Emily,8,10,20,8,Yes
67,More Fake,No Feedback,85,21,42,78,94,83,37,91,74,18,57,85,88,91,75,74,9,87,43,33,98,68,81,73,85,13,50,40,17,76,24,80,70,72,52,59,79,71,57,75,More Fake & No Feedback,,,,,,,,,,,,4,3,3,"CNN, Fox News, abc",4,5,5,5,2,4,3,4,5,5,1,2,41,Independent,,46,Male,2,Emily,4,10,20,15,No
68,More Fake,No Feedback,60,70,85,60,75,2,60,85,60,62,55,65,85,40,65,55,60,55,75,10,90,75,70,70,10,0,53,5,0,0,0,0,95,10,10,0,40,60,70,65,More Fake & No Feedback,,,,,,,,,,,,5,2,2,"The Guardian, BBC",3,2,1,4,1,1,1,2,4,1,4,2,23,Democrat,,18,Male,1,June,4,10,39,8,No
69,More Fake,No Feedback,98,87,96,41,97,18,56,100,71,91,87,98,81,78,86,75,51,86,56,16,75,68,83,65,12,41,6,65,46,0,17,58,95,56,5,0,57,76,99,72,More Fake & No Feedback,,,,,,,,,,,,4,4,3,"CNN, NY Times, social media accounts, etc",2,2,2,4,1,2,1,4,4,2,2,1,25,Democrat,,18,Female,2,Emily,4,50,39,8,Yes
70,More Fake,No Feedback,92,70,100,81,100,11,61,100,6,89,88,70,92,7,9,71,62,81,73,0,13,22,82,61,3,7,1,3,9,0,0,1,93,10,0,0,4,64,72,61,More Fake & No Feedback,,,,,,,,,,,,5,4,6,"CNN, Stephan Colbert, the local news, CBS",5,1,1,2,1,1,1,2,4,1,3,2,19,Independent,,30,Male,1,June,8,10,20,8,No
71,More Fake,No Feedback,80,100,100,92,70,100,0,80,100,100,100,100,70,100,60,99,82,100,1,100,100,100,100,100,0,30,99,90,100,0,91,90,100,100,71,0,0,93,100,100,More Fake & No Feedback,,,,,,,,,,,,5,5,3,"BBC , SOCIAL MEDIA AND  NEW YORK NEWS",2,5,4,5,1,5,1,2,4,5,5,3,40,Democrat,,26,Male,1,Emily,8,50,20,7,No
72,More Fake,No Feedback,59,39,30,29,79,85,64,42,31,72,72,71,69,71,24,30,45,59,30,7,59,65,56,89,23,12,19,29,20,0,0,38,82,11,19,6,38,61,66,28,More Fake & No Feedback,,,,,,,,,,,,4,2,3,"""CNN"", ""Local news channel"", ""The tonight show""",3,2,2,4,1,2,1,2,4,2,2,2,24,Independent,,23,Male,2,Emily,4,50,39,8,Yes
73,More Fake,No Feedback,95,13,100,84,71,29,22,100,84,98,76,34,71,72,9,20,86,85,95,8,39,77,74,91,24,10,1,35,70,3,61,12,80,86,10,75,67,73,93,80,More Fake & No Feedback,,,,,,,,,,,,5,3,3,"CBS, MSNBC, WHATEVER NEWS SOMEONE ELSE HAS ON (IT VARIES FOR THEM)",2,4,5,4,2,2,3,3,3,2,2,2,32,Democrat,,58,Female,2,Emily,8,10,39,8,Yes
74,More Fake,No Feedback,84,51,87,70,98,0,82,90,48,76,56,60,86,67,60,51,44,90,73,20,95,78,59,45,24,6,21,40,30,0,14,26,77,40,51,0,57,93,49,43,More Fake & No Feedback,,,,,,,,,,,,4,4,4,"CNN, MSNBC, AP, New York Times",1,1,1,3,1,1,1,1,2,1,1,1,14,Democrat,,48,Male,1,June,4,19,39,8,Yes
75,More Fake,No Feedback,100,82,100,12,100,0,0,100,21,100,100,85,84,84,3,63,0,100,70,0,22,62,64,5,0,0,0,0,0,0,0,0,100,0,0,0,19,95,51,12,More Fake & No Feedback,,,,,,,,,,,,5,4,3,"CNN,MSNBC,ABC",1,4,4,4,2,1,3,3,1,1,1,1,25,Democrat,,62,Female,1,June,8,50,20,8,Yes
76,More Fake,No Feedback,63,57,62,14,67,33,56,60,44,15,67,93,57,90,55,24,17,89,62,43,43,59,82,30,30,23,45,70,61,21,25,57,29,59,27,18,34,41,55,57,More Fake & No Feedback,,,,,,,,,,,,2,2,2,"online, tv",3,4,4,4,1,2,3,4,2,2,2,2,30,Republican,,31,Female,2,Emily,8,50,20,8,No
77,More Fake,No Feedback,74,70,87,81,80,50,32,100,51,100,90,74,83,64,87,51,64,71,57,16,68,91,65,77,29,19,10,65,76,0,14,63,78,30,0,0,28,51,74,49,More Fake & No Feedback,,,,,,,,,,,,5,3,2,"Twitter, google search",4,4,4,4,1,2,2,2,4,4,4,5,36,Democrat,,25,Female,1,Emily,8,50,20,8,Yes
78,More Fake,No Feedback,81,51,100,76,85,0,0,100,19,69,79,100,100,70,0,0,30,71,60,0,71,72,59,72,51,0,0,30,21,0,0,23,81,0,0,0,100,0,73,30,More Fake & No Feedback,,,,,,,,,,,,5,5,3,"cnn,abc, cbs nbc,msnc",1,4,3,4,3,3,2,3,1,3,1,1,28,Republican,,60,Female,1,june,8,5,20,7,Yes
79,More Fake,No Feedback,100,88,87,100,80,43,70,100,75,99,69,92,87,69,93,62,65,100,38,11,86,58,98,86,5,0,0,51,51,0,9,44,89,11,14,0,18,37,22,0,More Fake & No Feedback,,,,,,,,,,,,3,2,6,"wash po, nyt, reuters, bbc, bring me the news, wsj, aljazeera",5,2,2,4,2,1,2,4,1,1,1,1,21,Democrat,,37,Female,1,Emily,8,50,39,8,Yes
80,More Fake,No Feedback,96,98,93,78,100,8,77,81,74,93,89,70,77,100,97,22,8,100,81,11,91,24,50,22,4,10,7,19,18,0,18,15,79,30,14,0,90,51,95,35,More Fake & No Feedback,,,,,,,,,,,,3,3,1,ABC news or CNN,1,5,5,5,1,1,3,3,1,1,3,4,32,Democrat,,44,Female,2,Emily,24,10,39,8,Yes
81,More Fake,No Feedback,65,72,90,40,80,0,49,92,61,69,85,65,90,80,39,32,75,91,60,2,70,65,60,61,10,0,31,25,40,0,18,65,80,35,30,0,9,90,81,33,More Fake & No Feedback,,,,,,,,,,,,3,3,2,"Reddit, Tiktok",2,2,5,5,1,1,1,4,4,4,2,2,31,Democrat,,22,Female,1,june,4,10,25,8,Yes
82,More Fake,No Feedback,80,55,70,100,55,0,100,80,10,90,40,60,90,80,25,0,0,70,40,0,90,70,75,65,0,0,0,0,55,0,0,0,70,0,0,0,0,40,0,0,More Fake & No Feedback,,,,,,,,,,,,5,5,3,"NPR, CNN, Local news (if its something which needs research to confirm validity, I'll check multiple reputable online sources)",2,1,1,1,1,1,1,1,3,1,1,3,15,Democrat,,31,Female,2,Emily,4,10,20,8,Yes
83,More Fake,No Feedback,92,71,83,83,100,0,71,89,0,89,92,76,86,95,89,31,92,100,20,0,71,100,76,85,0,0,0,62,0,0,0,0,92,18,0,0,61,86,91,89,More Fake & No Feedback,,,,,,,,,,,,4,4,2,"Today show, KXMB",3,1,1,1,1,1,5,1,3,1,4,1,20,Democrat,,45,Male,2,Emily,8,10,39,8,Yes
84,More Fake,No Feedback,82,60,75,58,86,14,69,71,34,69,57,61,75,41,39,30,63,85,73,5,66,69,32,76,1,16,11,40,35,98,10,52,55,10,9,3,28,70,53,60,More Fake & No Feedback,,,,,,,,,,,,4,2,3,"npr, bbc, ap",3,2,2,4,1,1,1,2,2,1,2,1,19,Independent,,36,Male,1,Emily,4,50,39,8,No
85,More Fake,No Feedback,80,92,100,70,100,0,100,100,90,40,70,100,80,100,10,100,92,100,82,20,100,90,76,39,81,0,0,60,0,0,61,0,19,91,76,0,100,100,100,30,More Fake & No Feedback,,,,,,,,,,,,2,2,3,"Fox, BBC, CNBC",1,1,1,3,1,1,1,1,1,1,1,1,13,Republican,,63,Male,2,Emily,8,50,20,8,No
86,More Fake,No Feedback,96,82,88,99,99,5,88,100,85,98,61,72,79,70,96,74,83,90,83,1,77,84,95,90,84,0,19,51,3,0,11,0,90,51,37,0,15,88,97,78,More Fake & No Feedback,,,,,,,,,,,,4,2,5,"CDC, Local new, local dashboard, national dashboard, CNN",4,4,4,4,1,1,4,4,2,1,1,2,28,Democrat,,33,Female,2,Emily,4,10,39,8,Yes
87,More Fake,No Feedback,70,66,71,71,78,17,51,62,69,80,61,61,66,67,51,61,61,79,60,30,58,73,61,73,19,51,30,51,61,8,51,51,69,70,5,9,51,71,65,51,More Fake & No Feedback,,,,,,,,,,,,4,3,6,"CNN,KOMO News,The News Tribune,CDC,Bloomberg,NPR,BBC News",2,2,2,4,1,1,3,2,4,2,4,3,28,Democrat,,42,Male,1,June,8,1,20,7,No
88,More Fake,No Feedback,0,55,30,55,90,100,100,65,85,0,0,50,0,55,0,100,0,0,15,90,100,0,50,0,81,60,0,55,90,0,100,30,0,100,100,10,100,50,0,0,More Fake & No Feedback,,,,,,,,,,,,1,1,0,I don't look at news sources because it adversely affects my mental and emotional health.,5,4,5,4,2,2,2,4,2,4,4,2,35,Other,The Freedom & Autonomy Party,52,Female,1,June,8,50,20,8,No
89,More Fake,No Feedback,85,15,65,90,75,0,0,90,50,70,80,30,50,50,50,70,70,80,50,15,70,65,20,85,50,0,0,30,10,0,0,75,50,40,0,0,15,20,15,70,More Fake & No Feedback,,,,,,,,,,,,3,3,3,"CNN, MSNBC, YAHOO",2,4,4,4,2,1,2,3,2,3,3,2,30,Democrat,,54,Female,2,Emily,4,10,39,8,Yes
90,Less Fake,With Feedback,75,5,87,23,100,8,71,87,30,89,86,92,82,72,88,66,61,100,18,67,89,91,68,99,67,69,82,77,86,65,69,77,70,14,77,89,64,61,66,77,Less Fake & With Feedback,tf2|tf36|tf9|tf37|tf32|tf16|tf31|tf1|tf35|tf8|tf24|tf11|tf33|tf4|tf30|tf27|tf38|tf5|tf25|tf3|tf15|tf20|tf23|tf10|tf14|tf18|tf21|tf40|tf12|tf19|tf28|tf34|tf22|tf6|tf7|tf13|tf17|tf39|tf26|tf29,,,,,,,,,,,5,2,1,apple news,1,5,2,4,1,1,1,4,1,1,1,1,22,Independent,,20,Female,1,emily,8,50,20,8,Yes
91,Less Fake,With Feedback,100,0,100,100,100,0,20,100,100,100,51,91,100,100,51,100,0,51,100,0,66,0,50,0,19,55,100,100,60,100,0,100,0,100,71,0,71,100,90,100,Less Fake & With Feedback,tf24|tf2|tf14|tf20|tf37|tf10|tf35|tf29|tf25|tf26|tf40|tf21|tf23|tf28|tf18|tf7|tf3|tf27|tf5|tf15|tf33|tf38|tf11|tf13|tf32|tf34|tf17|tf31|tf30|tf4|tf39|tf22|tf36|tf1|tf6|tf19|tf9|tf8|tf16|tf12,,,,,,,,,,,3,4,6,"google news, cnn, news.bbc.co.uk, msnnbc, foxnews, smart news app",3,1,1,1,1,1,2,1,4,1,1,1,15,Democrat,,36,Male,1,June,8,10,30,8,No
92,Less Fake,With Feedback,72,64,100,89,100,0,86,100,18,55,100,58,85,100,87,60,25,100,70,0,90,73,95,30,100,100,60,100,89,100,85,100,24,100,70,19,42,18,100,94,Less Fake & With Feedback,tf40|tf37|tf20|tf30|tf39|tf4|tf24|tf6|tf23|tf9|tf11|tf7|tf34|tf12|tf14|tf28|tf38|tf22|tf3|tf13|tf29|tf27|tf19|tf21|tf10|tf25|tf35|tf15|tf26|tf31|tf17|tf8|tf16|tf5|tf18|tf2|tf33|tf1|tf36|tf32,,,,,,,,,,,5,5,2,"BBC, NPR, associated press, NYT",2,1,1,2,2,1,5,3,1,1,1,2,20,Democrat,,45,Female,1,Emily,8,50,20,8,Yes
93,Less Fake,With Feedback,67,88,76,84,7,24,35,65,87,21,22,77,83,78,80,62,71,36,28,71,89,61,85,20,10,82,72,90,64,38,21,72,29,75,69,67,80,68,30,77,Less Fake & With Feedback,tf15|tf24|tf38|tf8|tf22|tf16|tf35|tf27|tf29|tf30|tf18|tf33|tf34|tf37|tf36|tf25|tf12|tf14|tf39|tf2|tf40|tf5|tf11|tf31|tf19|tf3|tf7|tf13|tf6|tf21|tf10|tf20|tf1|tf17|tf26|tf4|tf32|tf23|tf9|tf28,,,,,,,,,,,4,1,3,"Fox News, Steven Crowder, Tim Pool",2,4,4,4,1,2,2,3,1,2,1,1,25,Republican,,28,Male,1,Emily,4,10,39,8,Yes
94,Less Fake,With Feedback,82,52,52,9,86,29,46,86,34,15,80,91,90,86,53,87,55,86,86,11,92,51,85,91,82,80,89,86,29,86,82,90,22,93,12,16,15,73,83,80,Less Fake & With Feedback,tf11|tf25|tf28|tf26|tf35|tf1|tf39|tf34|tf8|tf17|tf30|tf7|tf22|tf40|tf31|tf38|tf33|tf2|tf16|tf15|tf29|tf5|tf3|tf18|tf9|tf36|tf10|tf19|tf23|tf21|tf27|tf32|tf24|tf6|tf20|tf4|tf13|tf14|tf12|tf37,,,,,,,,,,,4,4,1,local news app on my phone,4,5,5,5,1,1,2,5,1,5,5,4,39,Democrat,,41,Female,1,June,8,500,20,8,No
95,Less Fake,With Feedback,98,94,94,95,100,3,94,98,100,87,88,96,93,94,92,96,86,93,93,4,97,95,95,94,94,95,98,95,97,96,92,95,93,97,96,13,92,98,92,97,Less Fake & With Feedback,tf9|tf5|tf17|tf36|tf27|tf29|tf21|tf6|tf39|tf10|tf31|tf4|tf32|tf19|tf7|tf14|tf34|tf15|tf40|tf24|tf38|tf13|tf37|tf3|tf22|tf30|tf35|tf33|tf25|tf11|tf28|tf2|tf26|tf12|tf18|tf23|tf1|tf8|tf16|tf20,,,,,,,,,,,3,5,3,"CNN, The Hill, NPR",1,3,4,4,2,1,2,3,1,1,1,1,23,Democrat,,35,Male,2,Emily,4,10,39,8,Yes
96,Less Fake,With Feedback,100,100,100,100,0,0,100,100,100,100,23,100,100,86,100,34,20,7,100,0,87,65,100,100,100,100,72,15,100,100,100,100,100,100,100,2,1,79,100,100,Less Fake & With Feedback,tf17|tf29|tf34|tf7|tf23|tf21|tf8|tf26|tf38|tf9|tf22|tf25|tf32|tf16|tf6|tf28|tf18|tf30|tf11|tf5|tf12|tf31|tf24|tf14|tf19|tf10|tf1|tf35|tf40|tf27|tf2|tf13|tf33|tf20|tf39|tf36|tf37|tf3|tf4|tf15,,,,,,,,,,,3,4,4,"New york times, Washington post, the guardian, google news",1,4,4,5,1,1,1,1,2,2,1,1,23,Independent,,39,Male,1,June,8,10,39,7,No
97,Less Fake,With Feedback,71,71,81,63,100,0,62,69,25,100,68,39,77,69,29,21,0,62,64,3,74,70,60,95,1,67,70,88,100,100,25,100,87,100,77,3,33,64,13,23,Less Fake & With Feedback,tf35|tf24|tf28|tf40|tf2|tf6|tf26|tf8|tf3|tf23|tf29|tf22|tf32|tf37|tf21|tf14|tf5|tf25|tf11|tf10|tf7|tf4|tf17|tf19|tf30|tf31|tf27|tf34|tf1|tf16|tf15|tf12|tf36|tf18|tf38|tf33|tf9|tf13|tf20|tf39,,,,,,,,,,,5,5,3,"ClickOnDetroit, WWMT, Philp DeFranco",3,2,1,4,1,1,1,1,2,2,1,1,17,Democrat,,31,Female,1,Emily,8,10,20,8,Yes
98,Less Fake,With Feedback,100,90,100,100,100,0,100,100,100,100,92,100,95,100,100,100,8,100,100,0,100,25,100,90,100,100,100,100,100,100,0,100,100,100,100,10,95,100,100,100,Less Fake & With Feedback,tf13|tf6|tf9|tf1|tf32|tf24|tf21|tf5|tf26|tf37|tf4|tf22|tf12|tf27|tf7|tf19|tf35|tf29|tf3|tf30|tf15|tf23|tf14|tf38|tf18|tf8|tf16|tf39|tf25|tf20|tf34|tf36|tf2|tf11|tf40|tf28|tf10|tf17|tf31|tf33,,,,,,,,,,,5,4,2,"New York Times, Washington Post",1,1,1,1,1,1,1,1,1,1,1,1,11,Democrat,,39,Female,2,Emily,4,10,39,8,Yes
99,Less Fake,With Feedback,20,90,80,90,100,0,20,91,30,75,90,80,80,30,80,70,30,90,80,20,80,70,80,70,90,75,80,80,90,90,80,85,90,20,90,85,30,30,80,80,Less Fake & With Feedback,tf18|tf36|tf6|tf15|tf10|tf37|tf20|tf19|tf22|tf33|tf11|tf26|tf38|tf8|tf31|tf1|tf24|tf17|tf35|tf34|tf16|tf27|tf13|tf30|tf39|tf9|tf25|tf4|tf28|tf14|tf29|tf5|tf7|tf2|tf23|tf12|tf40|tf32|tf3|tf21,,,,,,,,,,,4,3,6,"new york time, washington post, ny post, npr, reuters, associated press, yahoo news",3,4,4,4,1,1,2,2,3,3,3,3,30,Independent,,51,Male,2,emily,4,10,20,8,Yes
100,Less Fake,With Feedback,92,78,90,88,99,39,90,81,54,93,82,83,31,59,81,65,39,87,78,80,86,73,84,71,44,88,91,100,86,80,67,83,20,91,73,82,65,90,47,85,Less Fake & With Feedback,tf15|tf4|tf20|tf37|tf5|tf18|tf16|tf40|tf25|tf8|tf30|tf31|tf39|tf21|tf10|tf11|tf7|tf9|tf19|tf6|tf14|tf32|tf3|tf38|tf1|tf12|tf2|tf36|tf23|tf17|tf29|tf26|tf35|tf27|tf24|tf34|tf22|tf28|tf33|tf13,,,,,,,,,,,4,2,3,"Youtube, Reddit, CNN",4,2,4,4,1,1,2,2,3,2,2,2,25,Democrat,,29,Female,2,Emily,4,10,39,8,Yes
101,Less Fake,With Feedback,71,59,72,43,62,22,42,65,58,62,65,61,66,60,37,62,44,40,63,29,62,56,60,57,71,73,57,81,65,62,40,78,0,70,25,62,44,63,61,61,Less Fake & With Feedback,tf33|tf18|tf28|tf23|tf25|tf2|tf20|tf22|tf6|tf34|tf9|tf3|tf8|tf13|tf32|tf35|tf19|tf12|tf11|tf10|tf40|tf15|tf36|tf29|tf1|tf27|tf26|tf7|tf5|tf37|tf14|tf4|tf16|tf17|tf31|tf21|tf38|tf24|tf30|tf39,,,,,,,,,,,4,3,2,"WHO, Associated Press, NBC, ABC",4,2,2,4,2,2,2,3,2,1,2,2,24,Independent,,25,Female,1,Emily,4,5,39,8,No
102,Less Fake,With Feedback,75,40,92,81,100,0,36,86,60,62,32,82,63,60,71,75,87,78,63,0,88,75,70,81,91,93,64,77,81,86,16,100,67,83,75,28,68,31,79,84,Less Fake & With Feedback,tf16|tf13|tf2|tf30|tf8|tf40|tf28|tf37|tf35|tf6|tf24|tf4|tf25|tf11|tf14|tf20|tf17|tf9|tf27|tf15|tf23|tf1|tf12|tf29|tf33|tf7|tf34|tf10|tf18|tf21|tf26|tf36|tf22|tf31|tf39|tf32|tf38|tf5|tf19|tf3,,,,,,,,,,,3,4,6,"Reuters, AP, The New York Times, The Washington Post, The Guardian, The Times of London, BBC",5,1,1,1,1,1,1,2,2,2,2,2,16,Democrat,,54,Female,1,Emily,8,50,39,8,Yes
103,Less Fake,With Feedback,71,59,76,82,100,0,70,82,40,81,65,65,68,39,72,69,39,94,23,20,77,60,58,61,29,81,80,66,73,78,0,85,60,41,65,40,37,60,70,69,Less Fake & With Feedback,tf7|tf38|tf25|tf36|tf19|tf10|tf3|tf39|tf14|tf4|tf6|tf12|tf33|tf26|tf23|tf31|tf16|tf40|tf9|tf15|tf34|tf28|tf5|tf8|tf20|tf32|tf30|tf18|tf27|tf35|tf2|tf21|tf1|tf37|tf11|tf17|tf29|tf13|tf24|tf22,,,,,,,,,,,3,3,1,I view the news on Reddit - which the articles lead to multiple news outlets/sites.,2,2,2,3,2,1,3,4,1,1,1,1,21,Democrat,,36,Female,1,Emily,8,50,39,8,Yes
104,Less Fake,With Feedback,76,85,100,100,100,0,78,89,71,0,60,100,89,59,29,70,19,60,77,0,16,71,62,83,100,100,61,100,70,98,81,100,40,78,80,20,91,0,100,70,Less Fake & With Feedback,tf35|tf36|tf24|tf16|tf37|tf4|tf22|tf20|tf10|tf34|tf18|tf39|tf33|tf38|tf1|tf6|tf40|tf8|tf14|tf21|tf25|tf28|tf3|tf27|tf29|tf26|tf15|tf7|tf30|tf9|tf12|tf32|tf31|tf23|tf5|tf17|tf19|tf13|tf2|tf11,,,,,,,,,,,5,4,6,"cnn, ap, local health department site, other websites based on headlines",3,1,1,1,1,1,1,1,4,1,1,1,14,Democrat,,45,Male,2,Emily,4,10,39,8,Yes
105,Less Fake,With Feedback,100,84,95,84,96,50,100,100,88,99,100,63,72,88,8,40,100,89,97,18,92,100,100,98,100,90,100,85,91,51,78,91,98,100,93,86,93,93,50,99,Less Fake & With Feedback,tf15|tf16|tf39|tf29|tf12|tf30|tf1|tf9|tf14|tf8|tf19|tf34|tf11|tf35|tf38|tf22|tf6|tf4|tf7|tf13|tf2|tf31|tf18|tf5|tf28|tf10|tf27|tf17|tf33|tf25|tf20|tf21|tf36|tf3|tf26|tf24|tf37|tf40|tf32|tf23,,,,,,,,,,,2,2,1,Yahoo Online News,4,4,4,4,1,1,2,1,3,4,2,3,29,Independent,,24,Female,1,emily,8,50,20,8,Yes
106,Less Fake,With Feedback,94,76,71,72,87,6,58,74,37,40,96,42,29,77,74,76,29,47,76,8,88,32,70,82,100,59,82,100,88,77,97,80,9,93,69,94,44,21,67,80,Less Fake & With Feedback,tf16|tf30|tf20|tf14|tf1|tf18|tf36|tf26|tf23|tf10|tf39|tf12|tf33|tf7|tf37|tf8|tf13|tf19|tf15|tf11|tf22|tf24|tf25|tf9|tf31|tf6|tf5|tf29|tf32|tf38|tf34|tf4|tf2|tf21|tf28|tf35|tf3|tf27|tf17|tf40,,,,,,,,,,,3,3,3,"CNN,NBC,LOCAL FOX",4,3,4,4,1,1,2,1,4,4,3,5,32,Democrat,,38,Female,1,Emily,8,50,20,8,Yes
107,Less Fake,With Feedback,100,92,89,98,99,0,99,92,62,80,100,76,89,88,27,77,31,98,82,3,78,83,99,100,80,98,29,100,100,99,88,99,33,100,99,25,98,100,27,100,Less Fake & With Feedback,tf38|tf27|tf29|tf28|tf16|tf12|tf11|tf24|tf1|tf25|tf6|tf39|tf15|tf36|tf34|tf21|tf30|tf3|tf8|tf32|tf22|tf13|tf9|tf10|tf5|tf26|tf4|tf33|tf17|tf7|tf37|tf35|tf14|tf20|tf2|tf31|tf19|tf40|tf18|tf23,,,,,,,,,,,5,3,3,"facebook, youtube, cnn",2,4,4,4,1,1,1,4,5,4,4,5,37,Independent,,35,Female,2,Emily,4,50,39,8,No
108,Less Fake,With Feedback,100,89,86,18,94,5,65,100,93,25,79,100,80,68,31,76,89,92,84,23,97,79,100,82,96,66,100,90,100,91,52,4,84,90,98,92,81,52,100,89,Less Fake & With Feedback,tf21|tf9|tf25|tf39|tf27|tf38|tf14|tf11|tf5|tf37|tf23|tf4|tf12|tf24|tf1|tf8|tf13|tf35|tf10|tf18|tf6|tf40|tf22|tf7|tf29|tf32|tf36|tf16|tf20|tf26|tf15|tf3|tf2|tf30|tf17|tf34|tf19|tf33|tf28|tf31,,,,,,,,,,,3,2,2,"BBC, YouTube",5,4,4,4,1,2,2,4,4,3,4,4,36,Republican,,28,Male,2,Emily,4,10,39,8,Yes
109,Less Fake,With Feedback,100,94,95,93,96,0,84,99,22,96,98,98,100,90,25,91,16,100,93,95,100,94,94,95,99,97,98,99,98,99,99,98,99,96,95,13,99,5,99,96,Less Fake & With Feedback,tf14|tf13|tf37|tf30|tf28|tf33|tf21|tf6|tf16|tf18|tf15|tf20|tf1|tf9|tf19|tf7|tf17|tf35|tf38|tf4|tf10|tf23|tf2|tf3|tf26|tf12|tf40|tf24|tf34|tf32|tf39|tf25|tf36|tf29|tf5|tf22|tf31|tf27|tf11|tf8,,,,,,,,,,,4,4,6,"Apple News, Google News, mainstream news(print and tv)",1,1,1,5,1,1,1,1,1,1,1,1,15,Independent,,57,Male,2,Emily,4,10,39,8,No
110,Less Fake,With Feedback,61,63,80,100,96,0,11,92,70,75,100,71,90,81,39,40,70,75,69,9,81,70,83,48,100,90,90,86,100,100,100,87,60,93,60,92,88,39,40,92,Less Fake & With Feedback,tf7|tf27|tf20|tf6|tf26|tf29|tf35|tf25|tf16|tf10|tf11|tf13|tf8|tf3|tf2|tf21|tf22|tf38|tf17|tf32|tf4|tf12|tf33|tf18|tf23|tf39|tf9|tf40|tf24|tf30|tf1|tf15|tf34|tf14|tf31|tf5|tf37|tf36|tf28|tf19,,,,,,,,,,,4,3,2,"New York Times, USA Today",3,2,2,4,2,1,1,2,3,2,2,3,24,Democrat,,33,Female,1,Emily,8,50,5,8,No
111,Less Fake,With Feedback,100,73,57,82,94,1,66,98,44,80,80,75,57,85,37,60,91,95,46,0,85,85,94,99,93,67,96,46,94,83,43,35,35,80,80,64,65,72,83,34,Less Fake & With Feedback,tf12|tf36|tf29|tf30|tf16|tf6|tf19|tf3|tf2|tf11|tf38|tf26|tf40|tf15|tf24|tf20|tf37|tf32|tf34|tf39|tf28|tf7|tf8|tf21|tf35|tf4|tf27|tf25|tf14|tf33|tf5|tf22|tf17|tf18|tf10|tf13|tf9|tf31|tf1|tf23,,,,,,,,,,,3,1,2,"Twitter, Robinhood financial news",2,5,5,5,1,1,2,3,1,1,1,1,26,Democrat,,38,Male,2,Emily,8,10,39,8,Yes
112,Less Fake,With Feedback,70,65,65,100,100,0,100,70,30,25,63,67,67,59,22,100,61,85,62,12,61,85,51,90,90,78,25,70,75,77,62,50,33,65,72,49,66,68,51,71,Less Fake & With Feedback,tf22|tf11|tf1|tf9|tf34|tf27|tf12|tf20|tf6|tf28|tf8|tf33|tf32|tf35|tf7|tf29|tf24|tf14|tf25|tf21|tf30|tf10|tf3|tf23|tf18|tf31|tf37|tf2|tf17|tf16|tf15|tf13|tf36|tf4|tf39|tf40|tf19|tf26|tf38|tf5,,,,,,,,,,,4,2,2,"Twitter, Reddit",2,1,1,2,1,1,1,1,1,1,1,1,12,Democrat,,23,Male,2,Emily,4,10,39,8,Yes
113,Less Fake,With Feedback,85,81,84,91,83,7,69,91,22,79,75,96,76,91,35,45,87,90,93,28,88,68,94,91,86,85,100,90,80,96,84,97,91,89,85,78,70,98,92,94,Less Fake & With Feedback,tf27|tf24|tf38|tf30|tf19|tf15|tf33|tf18|tf21|tf14|tf23|tf35|tf3|tf32|tf40|tf28|tf37|tf13|tf16|tf22|tf17|tf7|tf29|tf4|tf2|tf20|tf31|tf10|tf26|tf8|tf39|tf36|tf34|tf12|tf5|tf25|tf1|tf11|tf6|tf9,,,,,,,,,,,3,5,5,"Local news (WPXI), Google News, CNN, Drudge Report, BBC",3,1,1,1,1,1,1,1,3,1,4,2,17,Independent,,43,Male,2,Emily,8,10,39,8,No
114,Less Fake,With Feedback,87,95,85,9,5,6,94,93,8,92,91,96,94,95,9,92,90,89,93,94,93,92,93,96,90,91,97,96,79,93,93,89,82,7,20,9,94,26,8,96,Less Fake & With Feedback,tf29|tf3|tf35|tf33|tf18|tf38|tf14|tf26|tf21|tf8|tf15|tf40|tf24|tf5|tf23|tf27|tf7|tf13|tf20|tf2|tf1|tf12|tf28|tf19|tf25|tf22|tf6|tf9|tf16|tf31|tf30|tf11|tf37|tf36|tf39|tf4|tf34|tf17|tf32|tf10,,,,,,,,,,,4,3,2,Radio and tv ,2,4,4,4,2,4,2,2,4,2,2,2,32,Democrat,,37,Male,2,emily,6,500,45,8,No
115,Less Fake,With Feedback,100,80,100,100,100,0,70,100,100,73,80,75,35,70,80,80,30,60,80,0,100,80,70,100,80,100,75,100,100,100,0,50,0,100,70,60,60,50,100,60,Less Fake & With Feedback,tf7|tf6|tf22|tf25|tf24|tf39|tf20|tf4|tf33|tf9|tf23|tf3|tf11|tf40|tf17|tf27|tf31|tf21|tf28|tf10|tf34|tf2|tf1|tf29|tf13|tf19|tf37|tf35|tf15|tf26|tf38|tf12|tf36|tf30|tf18|tf16|tf14|tf32|tf8|tf5,,,,,,,,,,,4,2,3,"CNN, MSNBC, Washington Post",1,2,2,4,1,1,1,2,3,1,1,2,20,Democrat,,39,Male,2,June,4,10,39,8,Yes
116,Less Fake,With Feedback,70,96,75,35,31,21,50,50,76,77,30,71,81,68,67,70,81,85,73,20,50,80,69,83,25,80,84,75,75,30,75,73,78,80,89,70,28,80,74,77,Less Fake & With Feedback,tf11|tf3|tf31|tf26|tf30|tf4|tf2|tf40|tf22|tf20|tf1|tf36|tf5|tf12|tf32|tf27|tf35|tf28|tf21|tf25|tf34|tf39|tf7|tf13|tf6|tf18|tf24|tf33|tf8|tf14|tf17|tf19|tf10|tf29|tf37|tf9|tf23|tf15|tf38|tf16,,,,,,,,,,,5,5,3,"CNN, FOX, BBC",3,5,4,4,2,2,2,2,1,1,3,1,27,Democrat,,41,Female,2,Emily,24,50,20,7,Yes
117,Less Fake,With Feedback,78,70,90,99,90,0,69,96,91,88,62,85,70,86,89,60,31,82,70,14,88,73,84,87,100,100,84,100,100,99,90,81,90,83,85,36,63,59,100,100,Less Fake & With Feedback,tf37|tf30|tf6|tf5|tf11|tf38|tf17|tf13|tf2|tf31|tf26|tf16|tf27|tf14|tf40|tf35|tf21|tf18|tf20|tf19|tf7|tf32|tf23|tf1|tf12|tf39|tf29|tf34|tf3|tf28|tf8|tf9|tf33|tf4|tf25|tf22|tf15|tf36|tf10|tf24,,,,,,,,,,,3,3,3,"CNN, NBC, Daily Mail",3,4,4,4,1,2,3,2,1,1,1,1,24,Democrat,,39,Female,1,Emily,8,50,20,8,Yes
118,Less Fake,With Feedback,72,68,69,86,79,66,59,83,34,62,64,70,63,70,73,58,57,86,73,64,75,65,80,80,77,72,75,74,67,78,0,72,69,57,67,58,62,32,83,85,Less Fake & With Feedback,tf31|tf38|tf4|tf40|tf2|tf16|tf10|tf25|tf36|tf30|tf8|tf3|tf37|tf9|tf23|tf17|tf7|tf27|tf6|tf12|tf20|tf28|tf32|tf34|tf19|tf29|tf39|tf13|tf33|tf11|tf35|tf22|tf14|tf1|tf26|tf21|tf18|tf24|tf15|tf5,,,,,,,,,,,4,3,2,"CNN, buzzfeed news, NY Times",3,3,2,2,1,1,2,1,4,1,1,3,21,Democrat,,28,Male,2,Emily,4,10,39,8,No
119,Less Fake,With Feedback,93,86,96,88,91,50,81,91,83,89,88,96,91,82,100,91,28,95,87,15,99,96,100,82,94,94,100,83,81,94,92,100,88,87,96,84,89,92,89,82,Less Fake & With Feedback,tf1|tf17|tf11|tf30|tf7|tf40|tf33|tf18|tf35|tf32|tf5|tf38|tf20|tf36|tf15|tf4|tf6|tf2|tf16|tf22|tf37|tf27|tf26|tf19|tf39|tf21|tf28|tf8|tf10|tf23|tf12|tf29|tf34|tf31|tf14|tf24|tf13|tf3|tf9|tf25,,,,,,,,,,,5,4,2,"Fox news, SKYNEWS",2,5,5,5,2,5,1,2,5,4,5,5,44,Republican,,27,Male,2,June,8,50,20,7,No
120,Less Fake,With Feedback,40,62,77,55,60,17,60,58,59,58,40,60,61,60,60,70,30,66,36,67,59,31,71,37,60,59,62,90,62,100,58,59,59,36,65,60,10,42,40,62,Less Fake & With Feedback,tf35|tf30|tf28|tf37|tf22|tf39|tf5|tf11|tf17|tf16|tf3|tf20|tf1|tf21|tf18|tf23|tf6|tf8|tf29|tf26|tf32|tf4|tf12|tf19|tf24|tf31|tf13|tf38|tf9|tf7|tf40|tf25|tf36|tf34|tf15|tf2|tf33|tf10|tf14|tf27,,,,,,,,,,,5,4,6,"Johns Hopkins, World meter, Bing COVID, Google News, Yahoo News, MSNBC news, ",3,2,2,2,1,1,4,1,2,4,2,2,23,Independent,,46,Male,1,Emily,8,50,20,7,No
121,Less Fake,With Feedback,79,63,80,83,100,13,51,100,53,86,67,32,56,62,91,35,35,87,74,1,86,77,72,87,100,94,68,78,82,95,0,98,11,68,56,69,38,17,86,98,Less Fake & With Feedback,tf32|tf4|tf2|tf6|tf40|tf29|tf13|tf14|tf16|tf26|tf1|tf35|tf28|tf21|tf38|tf15|tf31|tf30|tf9|tf11|tf10|tf3|tf20|tf17|tf19|tf39|tf36|tf22|tf27|tf12|tf37|tf24|tf34|tf7|tf25|tf33|tf5|tf23|tf18|tf8,,,,,,,,,,,5,5,4,"CNN, NBC News, BBC, NPR",2,1,1,1,1,1,1,1,1,2,1,1,12,Independent,,43,Female,1,Emily,8,50,20,8,Yes
122,Less Fake,With Feedback,100,100,100,100,100,100,100,100,100,100,100,100,100,100,100,100,100,100,100,0,100,99,100,68,100,100,100,100,100,100,0,100,0,98,100,100,1,0,1,100,Less Fake & With Feedback,tf13|tf40|tf21|tf26|tf27|tf4|tf29|tf11|tf31|tf23|tf16|tf7|tf39|tf10|tf5|tf32|tf33|tf1|tf15|tf36|tf37|tf2|tf14|tf35|tf9|tf19|tf12|tf6|tf17|tf28|tf38|tf18|tf22|tf8|tf24|tf20|tf25|tf3|tf30|tf34,,,,,,,,,,,5,4,3,"Nightly News with David Muir, Fox and Friends; Huffington Post and AOL",1,5,5,4,1,4,1,5,1,1,1,1,29,Republican,,40,Male,1,June,8,50,20,8,No
123,Less Fake,With Feedback,100,0,100,100,100,0,0,100,100,100,100,100,100,100,100,100,100,100,100,0,100,100,100,100,100,100,100,100,100,100,100,100,0,100,0,100,100,100,0,100,Less Fake & With Feedback,tf3|tf22|tf13|tf9|tf26|tf29|tf39|tf24|tf16|tf11|tf33|tf7|tf12|tf30|tf27|tf32|tf28|tf1|tf40|tf23|tf31|tf21|tf5|tf25|tf2|tf6|tf8|tf14|tf34|tf38|tf36|tf19|tf37|tf15|tf10|tf17|tf20|tf18|tf4|tf35,,,,,,,,,,,4,5,3,"FOX NEWS, ABC, FACEBOOK",1,4,5,5,1,1,2,2,1,4,1,1,27,Republican,,52,Female,1,EMILY,8,50,20,8,Yes
124,Less Fake,With Feedback,100,100,100,87,87,0,79,100,69,100,66,84,89,100,0,65,84,100,100,0,100,81,87,100,69,100,100,100,100,87,69,100,100,91,100,78,96,82,100,100,Less Fake & With Feedback,tf4|tf16|tf38|tf30|tf12|tf9|tf25|tf13|tf6|tf3|tf20|tf1|tf23|tf14|tf40|tf11|tf5|tf21|tf29|tf15|tf19|tf18|tf10|tf17|tf8|tf24|tf26|tf31|tf32|tf39|tf27|tf36|tf33|tf7|tf37|tf22|tf34|tf28|tf35|tf2,,,,,,,,,,,2,1,6,"new york times, huffington post, washington post, google news, the verge",2,1,1,1,1,1,1,1,1,1,1,1,11,Independent,,39,Male,1,Emily,4,10,39,8,No
125,Less Fake,With Feedback,94,63,68,69,82,25,47,81,62,52,100,63,72,58,2,51,36,86,57,73,61,75,67,51,72,85,47,81,100,83,58,31,84,10,53,51,61,61,94,73,Less Fake & With Feedback,tf34|tf15|tf13|tf14|tf30|tf6|tf26|tf1|tf10|tf40|tf11|tf32|tf25|tf16|tf19|tf22|tf39|tf27|tf29|tf2|tf31|tf24|tf9|tf35|tf20|tf8|tf17|tf37|tf18|tf28|tf12|tf4|tf3|tf36|tf5|tf23|tf7|tf38|tf21|tf33,,,,,,,,,,,2,1,3,"Washington Post, Good Morning America, Wall Street Journal",4,5,2,5,2,1,1,3,4,1,2,5,31,Other,,25,Female,2,June,8,50,20,8,Yes
126,Less Fake,With Feedback,83,6,100,72,67,0,84,89,100,77,100,72,77,71,100,100,5,100,61,0,87,78,83,100,93,40,76,92,93,100,88,100,17,100,73,5,23,80,87,81,Less Fake & With Feedback,tf25|tf24|tf1|tf28|tf39|tf27|tf12|tf11|tf20|tf18|tf9|tf30|tf6|tf16|tf13|tf36|tf17|tf4|tf32|tf34|tf7|tf22|tf2|tf3|tf21|tf23|tf19|tf15|tf5|tf35|tf8|tf37|tf33|tf29|tf10|tf40|tf31|tf38|tf14|tf26,,,,,,,,,,,3,4,6,"Google News, Reddit, all have different sources and sites.",2,3,3,3,1,1,1,1,2,3,3,2,23,Independent,,37,Female,1,June,34,50,20,7,No
127,Less Fake,With Feedback,90,91,70,30,30,0,65,90,24,90,95,65,90,80,90,20,94,70,87,10,100,81,40,100,90,20,94,90,81,80,40,10,30,90,20,70,60,90,30,81,Less Fake & With Feedback,tf40|tf30|tf39|tf15|tf34|tf36|tf11|tf5|tf13|tf4|tf1|tf25|tf35|tf37|tf12|tf20|tf7|tf8|tf18|tf28|tf38|tf26|tf17|tf31|tf32|tf9|tf10|tf16|tf29|tf33|tf3|tf14|tf6|tf19|tf22|tf2|tf27|tf23|tf24|tf21,,,,,,,,,,,5,2,3,"CNN, The New York Times, MDOT",2,4,2,5,1,1,2,1,4,5,5,2,32,Democrat,,22,Female,1,Emily,8,10,20,7,Yes
128,Less Fake,With Feedback,100,10,100,100,100,0,100,100,100,50,100,80,100,20,100,100,100,100,70,0,100,10,100,100,100,50,100,100,100,100,100,100,0,100,100,20,50,50,100,100,Less Fake & With Feedback,tf30|tf34|tf39|tf22|tf24|tf16|tf37|tf33|tf7|tf35|tf32|tf40|tf2|tf18|tf21|tf1|tf28|tf10|tf17|tf38|tf23|tf6|tf15|tf27|tf8|tf11|tf19|tf13|tf4|tf12|tf20|tf31|tf26|tf14|tf9|tf5|tf3|tf36|tf25|tf29,,,,,,,,,,,4,3,3,"Local ABC news, National ABC news, MSNBC",1,1,1,1,1,1,1,3,1,1,1,1,13,Independent,,68,Female,2,Could be anything!,4,10,39,8,Yes
129,Less Fake,With Feedback,100,100,100,100,100,0,100,100,0,100,100,100,100,100,100,0,100,100,100,0,100,100,100,100,100,100,100,100,100,100,100,100,100,100,100,0,100,100,100,100,Less Fake & With Feedback,tf37|tf31|tf33|tf21|tf17|tf35|tf12|tf19|tf14|tf28|tf16|tf10|tf36|tf18|tf8|tf27|tf3|tf34|tf24|tf22|tf6|tf4|tf29|tf25|tf7|tf1|tf32|tf26|tf2|tf39|tf23|tf5|tf15|tf11|tf9|tf40|tf13|tf20|tf38|tf30,,,,,,,,,,,5,2,5,"who.int, cdc.gov, vdh.virginia.gov, news.google.com, cityofchesapeake.net",3,1,1,1,1,1,1,1,1,1,1,1,11,Independent,,41,Female,2,Emily,8,50,39,8,No
130,Less Fake,With Feedback,100,100,100,100,100,0,100,100,100,100,100,100,100,100,100,100,100,100,100,100,100,100,100,100,100,100,100,100,100,100,100,100,100,100,100,100,100,100,100,100,Less Fake & With Feedback,tf27|tf9|tf40|tf2|tf10|tf7|tf32|tf25|tf35|tf34|tf17|tf23|tf3|tf8|tf37|tf20|tf31|tf14|tf16|tf22|tf21|tf38|tf29|tf33|tf26|tf11|tf24|tf1|tf12|tf28|tf30|tf19|tf5|tf15|tf13|tf18|tf36|tf6|tf39|tf4,,,,,,,,,,,5,4,3,"cnn, new york times, wall street journal",2,1,1,1,1,1,1,1,1,1,3,3,15,Democrat,,21,Male,2,Emily,4,10,39,8,Yes
131,Less Fake,With Feedback,91,89,82,100,16,32,24,91,89,79,91,89,74,78,93,71,97,19,84,35,74,92,98,91,35,17,76,99,77,85,78,85,91,96,75,91,83,94,78,88,Less Fake & With Feedback,tf7|tf33|tf28|tf26|tf15|tf32|tf23|tf4|tf25|tf36|tf38|tf39|tf11|tf37|tf34|tf22|tf5|tf14|tf21|tf18|tf12|tf8|tf19|tf30|tf10|tf13|tf40|tf35|tf3|tf17|tf20|tf29|tf2|tf27|tf31|tf16|tf1|tf24|tf6|tf9,,,,,,,,,,,4,5,5,facebook.twitter.instagram.telegram.CNN.Newspapers,2,4,4,4,1,2,2,2,5,2,2,2,30,Republican,,61,Female,2,june,8,10,39,7,No
132,Less Fake,With Feedback,90,36,68,61,100,19,66,93,63,40,79,87,60,43,72,55,62,93,25,63,91,57,66,41,78,79,35,71,87,100,67,75,83,87,40,78,89,69,99,90,Less Fake & With Feedback,tf25|tf4|tf10|tf39|tf21|tf38|tf9|tf19|tf13|tf30|tf17|tf22|tf12|tf18|tf8|tf28|tf16|tf27|tf35|tf7|tf37|tf6|tf11|tf40|tf34|tf31|tf23|tf36|tf1|tf14|tf15|tf33|tf5|tf20|tf29|tf2|tf24|tf3|tf26|tf32,,,,,,,,,,,5,4,2,"cnn.com, reddit.com",2,2,1,2,1,1,2,1,4,2,4,5,25,Independent,,38,Male,2,Emily,4,10,39,8,No
133,Less Fake,With Feedback,100,40,80,70,60,0,90,100,80,60,0,80,60,81,100,70,0,70,40,10,70,80,60,10,60,60,60,80,75,90,81,100,0,70,70,30,70,60,80,70,Less Fake & With Feedback,tf3|tf6|tf15|tf30|tf29|tf32|tf37|tf7|tf38|tf2|tf10|tf19|tf39|tf12|tf25|tf20|tf27|tf40|tf16|tf18|tf1|tf5|tf8|tf13|tf28|tf4|tf22|tf34|tf35|tf9|tf24|tf36|tf21|tf11|tf26|tf14|tf33|tf31|tf17|tf23,,,,,,,,,,,5,3,3,"NY Times, ABC news, NBC news",2,5,4,5,1,1,3,5,3,2,2,1,32,Independent,,65,Female,2,Emily,4,50,39,8,Yes
134,More Fake,With Feedback,96,80,87,13,83,21,16,88,20,17,85,14,72,86,25,15,84,74,11,9,97,85,85,87,12,0,9,18,7,0,19,20,82,13,5,4,9,9,84,13,More Fake & With Feedback,,ff33|ff15|ff31|ff13|ff28|ff5|ff26|ff18|ff39|ff24|ff25|ff10|ff7|ff32|ff14|ff35|ff1|ff12|ff3|ff23|ff19|ff6|ff22|ff40|ff36|ff8|ff16|ff34|ff20|ff11|ff37|ff21|ff2|ff4|ff17|ff38|ff9|ff29|ff30|ff27,,,,,,,,,,2,2,1,world o meter,3,4,4,5,1,2,3,2,4,2,4,3,34,Republican,,18,Female,2,Emily,8,50,20,7,Yes
135,More Fake,With Feedback,75,33,88,0,100,0,82,100,18,78,100,86,59,89,0,72,52,85,83,0,85,13,70,93,0,0,0,0,25,0,0,0,81,0,0,0,88,0,52,100,More Fake & With Feedback,,ff1|ff14|ff37|ff12|ff9|ff3|ff22|ff39|ff32|ff34|ff31|ff15|ff25|ff24|ff23|ff6|ff36|ff7|ff19|ff8|ff17|ff16|ff4|ff38|ff10|ff5|ff40|ff21|ff26|ff35|ff11|ff13|ff2|ff18|ff30|ff27|ff33|ff20|ff28|ff29,,,,,,,,,,4,4,2,local newspaper and radio news,1,4,3,3,1,1,2,3,5,5,5,5,37,Independent,,55,Male,2,Emily,4,10,39,8,Yes
136,More Fake,With Feedback,80,78,86,21,66,0,62,70,11,86,92,71,75,83,72,12,60,82,57,0,83,80,72,78,14,0,16,30,9,0,0,25,79,0,18,0,3,81,70,19,More Fake & With Feedback,,ff35|ff11|ff29|ff28|ff8|ff1|ff23|ff12|ff27|ff40|ff30|ff20|ff18|ff36|ff31|ff21|ff19|ff25|ff14|ff34|ff39|ff24|ff6|ff7|ff15|ff2|ff13|ff16|ff26|ff22|ff5|ff17|ff38|ff37|ff33|ff32|ff10|ff9|ff3|ff4,,,,,,,,,,4,3,2,"fox news, apple news",2,2,2,4,1,1,1,1,2,1,2,2,19,Democrat,,26,Female,2,june,4,50,20,8,Yes
137,More Fake,With Feedback,25,13,76,33,99,77,29,86,78,84,19,100,76,96,28,27,19,79,98,27,76,87,83,74,74,3,38,21,22,26,25,10,24,13,0,0,6,71,84,32,More Fake & With Feedback,,ff22|ff13|ff8|ff7|ff27|ff5|ff20|ff31|ff29|ff30|ff33|ff10|ff28|ff11|ff39|ff17|ff1|ff38|ff4|ff24|ff40|ff16|ff15|ff25|ff18|ff9|ff3|ff26|ff21|ff14|ff6|ff36|ff35|ff37|ff12|ff23|ff2|ff34|ff19|ff32,,,,,,,,,,1,2,2,"Fox News, CNN",2,4,2,4,1,1,1,1,1,1,1,1,18,Independent,,31,Male,1,June,8,50,20,8,Yes
138,More Fake,With Feedback,100,0,100,100,100,0,100,100,0,100,100,100,100,100,81,100,27,100,0,0,100,0,100,100,60,0,0,0,0,0,0,0,100,0,0,100,0,30,0,100,More Fake & With Feedback,,ff25|ff2|ff14|ff1|ff18|ff35|ff15|ff12|ff38|ff26|ff40|ff28|ff39|ff21|ff20|ff32|ff4|ff13|ff8|ff34|ff5|ff7|ff23|ff3|ff11|ff29|ff37|ff36|ff10|ff33|ff22|ff9|ff16|ff27|ff19|ff31|ff6|ff30|ff24|ff17,,,,,,,,,,5,3,4,"Flipboard news feed, Washington Post, MSNBC, CNN",2,1,1,2,1,1,1,1,1,1,1,1,12,Democrat,,56,Male,1,June,4,10,39,8,No
139,More Fake,With Feedback,100,100,100,100,100,0,80,100,100,100,100,100,100,100,0,0,0,100,100,0,100,100,99,70,0,0,0,0,0,0,0,0,100,0,0,0,0,100,100,0,More Fake & With Feedback,,ff7|ff5|ff24|ff13|ff12|ff26|ff34|ff23|ff38|ff19|ff30|ff35|ff32|ff20|ff11|ff40|ff15|ff4|ff29|ff25|ff39|ff9|ff2|ff28|ff22|ff37|ff1|ff27|ff3|ff17|ff6|ff21|ff33|ff16|ff36|ff10|ff18|ff14|ff8|ff31,,,,,,,,,,4,4,4,"Washington Post, Miami Herald, CNN, Local Paper",2,1,1,4,1,1,1,1,2,2,2,2,18,Democrat,,47,Male,2,Emily,8,10,20,8,Yes
140,More Fake,With Feedback,100,0,100,100,90,0,100,100,82,100,100,100,100,86,93,100,0,100,83,0,100,100,83,100,0,50,0,0,0,0,0,0,100,0,0,0,0,0,80,100,More Fake & With Feedback,,ff29|ff35|ff18|ff12|ff6|ff5|ff26|ff4|ff39|ff30|ff9|ff27|ff10|ff19|ff1|ff11|ff20|ff21|ff17|ff34|ff14|ff23|ff28|ff31|ff15|ff3|ff24|ff38|ff40|ff8|ff7|ff22|ff36|ff32|ff25|ff37|ff16|ff13|ff33|ff2,,,,,,,,,,3,3,4,"CNN,CNBC,Google,BBC",2,1,1,1,1,1,3,1,4,1,2,3,19,Democrat,,29,Male,1,Emily,8,50,20,8,Yes
141,More Fake,With Feedback,94,95,83,100,100,0,81,100,0,82,24,100,80,92,90,7,2,100,69,0,87,100,80,91,100,0,0,50,0,0,0,0,100,5,0,0,91,82,79,100,More Fake & With Feedback,,ff20|ff26|ff24|ff28|ff39|ff23|ff30|ff37|ff6|ff32|ff14|ff4|ff27|ff21|ff38|ff16|ff36|ff8|ff22|ff12|ff31|ff7|ff17|ff35|ff2|ff10|ff34|ff11|ff9|ff15|ff33|ff40|ff25|ff19|ff13|ff5|ff1|ff18|ff3|ff29,,,,,,,,,,3,4,6,"Google news, YouTube channels, local stations, work",3,2,1,1,1,1,2,1,2,3,4,2,20,Republican,,46,Male,2,Emily,4,10,39,8,Yes
142,More Fake,With Feedback,62,69,72,81,71,10,31,62,59,92,32,73,60,28,39,70,29,61,29,32,71,40,60,70,20,9,19,80,29,19,20,19,61,19,30,19,72,30,70,28,More Fake & With Feedback,,ff2|ff14|ff28|ff16|ff10|ff26|ff22|ff13|ff37|ff17|ff15|ff23|ff20|ff18|ff32|ff40|ff39|ff5|ff8|ff4|ff12|ff19|ff27|ff1|ff34|ff33|ff30|ff21|ff38|ff25|ff29|ff6|ff9|ff31|ff24|ff36|ff7|ff11|ff35|ff3,,,,,,,,,,3,2,6,"reddit, yahoo,google news,cnn,microsoft news",2,4,3,4,1,2,3,1,3,2,1,2,26,Republican,,32,Male,2,june,7,10,20,8,Yes
143,More Fake,With Feedback,8,88,90,84,87,0,83,87,80,92,71,85,82,83,21,85,89,74,82,72,91,80,85,87,12,5,1,83,89,3,9,87,89,90,91,17,5,73,86,82,More Fake & With Feedback,,ff20|ff22|ff19|ff35|ff36|ff7|ff6|ff25|ff3|ff28|ff24|ff34|ff39|ff8|ff13|ff18|ff29|ff9|ff12|ff11|ff2|ff5|ff21|ff26|ff33|ff23|ff38|ff1|ff32|ff14|ff10|ff4|ff15|ff30|ff17|ff31|ff40|ff27|ff37|ff16,,,,,,,,,,4,5,1,cnn,3,4,4,4,2,4,2,2,2,2,2,2,30,Independent,,29,Male,2,emily,8,10,20,7,Yes
144,More Fake,With Feedback,100,71,71,100,100,0,81,100,19,73,40,100,50,70,72,50,30,71,82,0,100,50,77,50,50,0,15,50,81,0,0,0,82,30,50,0,100,29,50,100,More Fake & With Feedback,,ff30|ff40|ff5|ff1|ff16|ff7|ff31|ff12|ff6|ff11|ff9|ff33|ff22|ff21|ff13|ff14|ff20|ff29|ff25|ff32|ff39|ff37|ff2|ff23|ff26|ff38|ff10|ff3|ff4|ff18|ff17|ff34|ff35|ff24|ff19|ff28|ff8|ff15|ff27|ff36,,,,,,,,,,2,1,6,"CNN.com, NPR.org, Politico, Washington Post, walb.com, ajc.com, Fivethirtyeight.com",2,1,1,1,2,1,1,1,1,2,1,2,14,Republican,,49,Male,2,Emily,4,50,39,8,Yes
145,More Fake,With Feedback,75,70,80,90,70,60,65,100,75,60,20,30,80,20,60,40,40,80,30,0,70,85,70,60,75,30,10,60,10,0,30,10,80,25,0,0,100,70,65,70,More Fake & With Feedback,,ff15|ff31|ff34|ff3|ff17|ff8|ff32|ff6|ff39|ff26|ff12|ff21|ff13|ff1|ff11|ff4|ff25|ff40|ff30|ff19|ff27|ff38|ff35|ff36|ff37|ff10|ff23|ff22|ff2|ff9|ff14|ff16|ff18|ff33|ff28|ff24|ff20|ff29|ff7|ff5,,,,,,,,,,3,2,2,"Reddit which usually links me to numerous other articles from various sources, local news",1,4,4,4,2,1,2,2,3,4,4,4,34,Independent,,32,Female,1,Emily,8,50,20,8,Yes
146,More Fake,With Feedback,73,50,95,31,100,0,100,85,19,100,83,29,25,74,31,76,50,23,85,90,100,57,82,82,0,0,0,30,44,0,24,26,60,71,5,0,13,25,60,100,More Fake & With Feedback,,ff39|ff4|ff28|ff37|ff35|ff3|ff27|ff21|ff16|ff11|ff18|ff38|ff9|ff24|ff13|ff26|ff8|ff34|ff36|ff29|ff10|ff23|ff1|ff5|ff12|ff17|ff15|ff7|ff32|ff25|ff31|ff30|ff14|ff20|ff2|ff40|ff33|ff22|ff6|ff19,,,,,,,,,,2,2,2,"The New York Times, CNN",2,1,1,3,2,1,5,3,4,1,3,4,28,Democrat,,29,Female,2,Emily,4,10,20,7,Yes
147,More Fake,With Feedback,82,38,78,57,72,0,0,72,100,91,71,57,74,76,0,33,25,80,59,2,63,21,51,85,22,0,28,0,43,0,10,0,100,1,0,0,0,28,33,84,More Fake & With Feedback,,ff39|ff38|ff18|ff6|ff22|ff26|ff35|ff15|ff17|ff9|ff7|ff32|ff21|ff37|ff3|ff19|ff11|ff13|ff14|ff5|ff36|ff12|ff2|ff25|ff30|ff28|ff4|ff29|ff1|ff24|ff27|ff8|ff31|ff16|ff20|ff40|ff23|ff10|ff33|ff34,,,,,,,,,,5,5,3,"Twitter, Google, KXAN",2,1,1,1,1,1,1,1,4,1,3,1,16,Independent,,36,Non-binary / third gender,2,June,4,10,39,8,Yes
148,More Fake,With Feedback,64,28,88,100,67,13,35,83,81,77,81,57,83,67,67,39,24,61,56,7,84,60,63,85,31,21,17,14,36,1,26,25,83,14,27,14,38,60,41,58,More Fake & With Feedback,,ff9|ff34|ff17|ff33|ff2|ff3|ff20|ff13|ff38|ff4|ff25|ff29|ff40|ff14|ff16|ff36|ff35|ff11|ff37|ff10|ff24|ff6|ff7|ff28|ff22|ff5|ff27|ff26|ff21|ff32|ff30|ff19|ff15|ff23|ff39|ff8|ff31|ff1|ff18|ff12,,,,,,,,,,2,2,3,"CNN, Fox News, yahoo",1,2,2,2,1,1,1,1,2,1,3,2,18,Democrat,,50,Male,2,Emily,4,10,39,8,No
149,More Fake,With Feedback,62,75,56,86,80,8,60,100,89,75,78,75,69,81,41,36,63,83,80,14,86,71,68,92,14,3,13,25,74,0,1,9,74,51,18,0,10,43,30,58,More Fake & With Feedback,,ff9|ff35|ff4|ff8|ff11|ff32|ff34|ff39|ff3|ff37|ff16|ff27|ff36|ff20|ff26|ff12|ff5|ff33|ff19|ff17|ff22|ff6|ff7|ff28|ff38|ff25|ff1|ff40|ff30|ff10|ff15|ff18|ff31|ff24|ff21|ff29|ff2|ff23|ff13|ff14,,,,,,,,,,3,3,2,"NY Times, Washington Post, CNN, Fox News",2,2,2,4,1,1,2,3,2,2,2,4,25,Democrat,,37,Female,1,Emily,8,50,39,8,No
150,More Fake,With Feedback,100,0,87,100,100,0,90,94,86,100,77,83,93,68,80,65,100,100,70,0,100,70,80,100,1,0,5,50,98,0,14,3,79,1,52,5,11,4,98,80,More Fake & With Feedback,,ff28|ff15|ff33|ff12|ff14|ff23|ff11|ff31|ff8|ff3|ff24|ff18|ff27|ff39|ff26|ff7|ff20|ff22|ff17|ff1|ff19|ff4|ff13|ff25|ff9|ff37|ff29|ff38|ff40|ff36|ff2|ff35|ff21|ff30|ff16|ff32|ff6|ff34|ff5|ff10,,,,,,,,,,5,5,3,"New York Times, NPR, Twitter, ",1,2,3,4,1,1,1,2,2,1,3,2,22,Democrat,,22,Male,1,Emily ,8,50,20,8,No
151,More Fake,With Feedback,17,92,97,96,93,0,100,100,0,96,96,14,84,78,97,4,5,91,86,0,100,84,82,95,1,0,0,9,0,0,0,7,96,9,5,0,9,9,70,92,More Fake & With Feedback,,ff23|ff26|ff8|ff32|ff19|ff34|ff13|ff36|ff6|ff31|ff21|ff38|ff29|ff39|ff12|ff18|ff16|ff10|ff37|ff1|ff30|ff4|ff20|ff2|ff40|ff15|ff22|ff17|ff3|ff24|ff25|ff9|ff11|ff7|ff5|ff35|ff27|ff28|ff14|ff33,,,,,,,,,,4,3,1,reddit,3,1,2,2,1,1,1,1,1,1,2,1,14,Democrat,,34,Female,1,Emily,8,10,39,7,No
152,More Fake,With Feedback,61,70,93,71,81,0,60,75,41,92,91,60,97,60,31,71,50,80,82,0,70,87,71,81,60,0,30,50,59,0,0,40,61,29,0,0,18,60,39,71,More Fake & With Feedback,,ff3|ff36|ff23|ff25|ff31|ff37|ff10|ff28|ff13|ff29|ff8|ff22|ff27|ff33|ff19|ff11|ff20|ff2|ff12|ff4|ff39|ff34|ff5|ff17|ff16|ff24|ff15|ff1|ff7|ff32|ff40|ff18|ff6|ff26|ff21|ff9|ff14|ff30|ff38|ff35,,,,,,,,,,4,1,1,social media,2,2,2,2,1,1,2,3,5,2,4,4,28,Democrat,,21,Female,2,Emily,4,10,39,8,Yes
153,More Fake,With Feedback,64,56,68,81,43,0,17,100,45,100,99,47,82,69,50,53,62,68,54,0,84,63,56,94,0,0,0,29,0,0,0,0,86,10,0,0,55,49,59,60,More Fake & With Feedback,,ff32|ff25|ff29|ff13|ff4|ff2|ff34|ff6|ff19|ff40|ff21|ff16|ff14|ff1|ff20|ff5|ff35|ff37|ff8|ff39|ff3|ff12|ff9|ff30|ff18|ff11|ff31|ff10|ff33|ff23|ff28|ff17|ff22|ff38|ff27|ff15|ff24|ff26|ff7|ff36,,,,,,,,,,5,5,3,"CDC, CNN, FactCheck",1,1,1,1,1,1,1,1,1,1,1,1,11,Democrat,,27,Female,2,emily,4,50,39,8,Yes
154,More Fake,With Feedback,64,89,79,0,21,19,72,84,65,89,92,77,88,80,13,92,7,73,90,16,84,77,82,82,14,1,7,11,76,0,13,21,19,74,22,9,77,13,17,81,More Fake & With Feedback,,ff13|ff9|ff7|ff6|ff1|ff26|ff22|ff4|ff25|ff23|ff18|ff19|ff34|ff12|ff30|ff3|ff29|ff31|ff10|ff14|ff27|ff39|ff17|ff28|ff16|ff33|ff20|ff15|ff5|ff32|ff36|ff8|ff37|ff2|ff24|ff40|ff38|ff35|ff11|ff21,,,,,,,,,,2,1,0,N/A,1,5,5,5,2,1,2,5,5,5,5,5,45,Independent,,18,Female,2,Emily ,8,10,39,8,Yes
155,More Fake,With Feedback,100,100,100,92,100,1,75,100,92,78,85,100,91,82,66,80,80,100,72,0,93,24,100,100,19,0,24,20,19,0,20,20,72,85,22,0,18,18,87,92,More Fake & With Feedback,,ff22|ff35|ff18|ff10|ff6|ff2|ff30|ff27|ff31|ff36|ff12|ff5|ff23|ff33|ff24|ff38|ff20|ff3|ff1|ff19|ff16|ff26|ff13|ff39|ff29|ff17|ff15|ff9|ff28|ff25|ff32|ff7|ff11|ff8|ff40|ff37|ff14|ff21|ff4|ff34,,,,,,,,,,3,4,1,A Chart on our retirement community's website that lists how many person here in the community have COVID.,2,3,3,5,2,1,2,2,2,4,2,2,28,Democrat,,59,Male,1,Hard to say,4,10,39,8,Yes
156,More Fake,With Feedback,15,35,66,12,44,49,91,61,30,24,14,82,70,86,40,77,0,79,76,18,94,34,29,38,91,60,86,36,100,79,44,74,15,65,91,36,100,76,21,40,More Fake & With Feedback,,ff34|ff6|ff15|ff35|ff7|ff28|ff27|ff33|ff25|ff21|ff4|ff10|ff1|ff22|ff23|ff32|ff39|ff30|ff18|ff19|ff29|ff17|ff36|ff26|ff20|ff14|ff37|ff12|ff11|ff5|ff24|ff40|ff16|ff2|ff13|ff8|ff31|ff3|ff38|ff9,,,,,,,,,,1,2,1,YouTube ,1,1,1,1,1,1,1,1,2,5,2,2,18,Independent,,59,Female,1,Emily,8,50,20,8,No
157,More Fake,With Feedback,81,100,80,38,60,14,30,85,29,84,84,62,89,82,17,68,85,85,31,10,87,99,49,99,21,11,51,17,53,82,16,14,91,51,29,16,11,7,71,12,More Fake & With Feedback,,ff19|ff27|ff14|ff34|ff7|ff2|ff17|ff35|ff24|ff9|ff8|ff28|ff16|ff37|ff21|ff39|ff22|ff23|ff33|ff31|ff32|ff15|ff10|ff36|ff30|ff3|ff20|ff26|ff5|ff38|ff12|ff29|ff25|ff11|ff40|ff4|ff13|ff6|ff1|ff18,,,,,,,,,,4,2,3,"abc news, cnn, local news",2,5,4,5,2,3,2,2,2,3,4,1,33,Democrat,,28,Female,2,Emily,4,10,39,8,Yes
158,More Fake,With Feedback,100,87,70,100,100,0,75,99,96,87,92,95,87,77,93,35,15,90,78,0,90,93,92,100,100,0,0,60,27,0,0,0,75,20,13,0,87,0,68,27,More Fake & With Feedback,,ff35|ff12|ff9|ff20|ff32|ff8|ff28|ff3|ff1|ff26|ff15|ff11|ff39|ff7|ff18|ff36|ff30|ff33|ff27|ff23|ff40|ff38|ff5|ff25|ff6|ff16|ff22|ff31|ff24|ff4|ff29|ff21|ff13|ff2|ff17|ff37|ff19|ff14|ff34|ff10,,,,,,,,,,4,5,6,"Local, vox, the hill, cnn, independent media",1,2,4,4,1,1,1,1,1,2,2,2,21,Independent,,41,Male,2,Emily,4,10,20,8,No
159,More Fake,With Feedback,0,100,100,100,100,0,100,100,100,75,0,100,100,100,0,100,100,100,100,0,100,100,100,100,51,0,0,0,100,0,100,100,100,100,0,0,100,100,100,99,More Fake & With Feedback,,ff35|ff29|ff19|ff25|ff3|ff11|ff38|ff32|ff16|ff7|ff18|ff1|ff26|ff10|ff8|ff20|ff22|ff15|ff30|ff9|ff39|ff13|ff27|ff23|ff24|ff34|ff37|ff33|ff40|ff36|ff14|ff21|ff5|ff28|ff31|ff4|ff2|ff12|ff6|ff17,,,,,,,,,,1,1,2,"fox,cnn",3,4,4,4,1,1,1,1,1,1,1,1,20,Republican,,54,Male,2,emily,8,10,30,8,No
160,More Fake,With Feedback,71,60,100,70,100,0,100,92,60,82,75,76,82,71,30,0,30,98,100,0,100,75,100,100,0,0,0,70,0,0,0,0,100,0,0,0,0,0,100,100,More Fake & With Feedback,,ff29|ff25|ff8|ff12|ff31|ff5|ff10|ff35|ff38|ff32|ff19|ff23|ff6|ff37|ff4|ff3|ff20|ff36|ff27|ff18|ff22|ff7|ff13|ff30|ff1|ff28|ff34|ff16|ff2|ff39|ff14|ff26|ff21|ff11|ff17|ff33|ff24|ff40|ff9|ff15,,,,,,,,,,4,2,6,"CDC, WHO, New York Times, CNN, Bloomberg",1,1,1,5,1,1,1,1,2,1,1,1,16,Democrat,,31,Male,1,Emily,8,50,39,8,No
161,More Fake,With Feedback,84,20,36,83,81,85,31,79,73,77,85,83,72,71,26,80,77,82,81,77,23,72,73,28,51,83,75,75,85,76,23,22,80,33,51,75,23,82,27,78,More Fake & With Feedback,,ff19|ff14|ff25|ff35|ff28|ff9|ff27|ff3|ff31|ff15|ff17|ff7|ff13|ff23|ff34|ff22|ff33|ff36|ff40|ff16|ff30|ff20|ff6|ff18|ff8|ff5|ff10|ff26|ff37|ff29|ff4|ff12|ff39|ff2|ff32|ff1|ff21|ff24|ff11|ff38,,,,,,,,,,5,5,1,"CNN, ",3,4,3,4,1,3,3,2,4,3,4,4,35,Democrat,,34,Male,2,June,4,10,20,8,No
162,More Fake,With Feedback,56,51,72,51,75,15,56,55,60,56,66,55,70,54,18,70,73,81,59,30,55,70,51,54,57,10,2,51,34,10,18,12,19,54,21,3,100,53,53,25,More Fake & With Feedback,,ff2|ff30|ff36|ff35|ff18|ff32|ff26|ff28|ff23|ff4|ff24|ff20|ff39|ff37|ff25|ff27|ff16|ff14|ff7|ff15|ff17|ff22|ff3|ff40|ff13|ff11|ff10|ff5|ff38|ff19|ff33|ff21|ff9|ff31|ff6|ff1|ff34|ff8|ff29|ff12,,,,,,,,,,2,1,2,"Fox , MSN",3,5,3,4,2,1,5,3,3,2,4,2,34,Republican,,64,Male,2,June,4,50,39,8,Yes
163,More Fake,With Feedback,94,78,94,83,92,0,76,98,8,87,100,86,79,95,85,84,6,99,73,1,100,93,93,100,0,0,0,40,62,0,0,0,87,14,0,0,93,5,86,95,More Fake & With Feedback,,ff5|ff34|ff12|ff14|ff9|ff37|ff11|ff22|ff7|ff29|ff31|ff24|ff20|ff2|ff8|ff27|ff6|ff13|ff10|ff21|ff3|ff36|ff28|ff19|ff4|ff16|ff25|ff18|ff35|ff26|ff17|ff33|ff30|ff15|ff40|ff23|ff38|ff32|ff39|ff1,,,,,,,,,,4,4,3,"local news, local government reporting agency, national news",1,1,1,1,1,1,1,1,3,1,1,4,16,Democrat,,44,Female,1,Emily,8,50,20,8,Yes
164,More Fake,With Feedback,88,15,74,80,93,16,83,95,68,89,83,88,81,65,35,9,28,22,67,13,85,60,74,60,11,19,12,10,20,12,5,14,87,12,13,17,23,18,18,17,More Fake & With Feedback,,ff8|ff31|ff24|ff22|ff39|ff32|ff30|ff5|ff23|ff2|ff9|ff17|ff20|ff37|ff4|ff19|ff1|ff27|ff29|ff18|ff26|ff3|ff35|ff21|ff33|ff10|ff36|ff12|ff13|ff7|ff40|ff34|ff25|ff15|ff11|ff6|ff14|ff16|ff28|ff38,,,,,,,,,,5,4,3,"CNN, msnbc, NIH ",1,2,2,2,1,4,2,1,1,1,1,1,18,Other,Human ,47,Female,1,June ,8,50,20,8,No
165,More Fake,With Feedback,86,77,68,93,34,0,32,52,62,84,52,93,91,52,4,70,92,95,68,72,88,52,64,85,74,4,11,52,4,0,6,73,52,20,37,0,76,77,39,100,More Fake & With Feedback,,ff29|ff17|ff26|ff34|ff11|ff18|ff15|ff21|ff28|ff36|ff10|ff16|ff27|ff12|ff7|ff8|ff33|ff37|ff31|ff30|ff14|ff22|ff13|ff1|ff35|ff4|ff6|ff24|ff20|ff23|ff32|ff39|ff40|ff9|ff25|ff2|ff38|ff5|ff3|ff19,,,,,,,,,,3,2,2,Center for disease control; world health organization,2,5,1,3,1,1,2,3,2,1,4,3,26,Independent,,33,Male,1,Emily,8,10,39,8,Yes
166,More Fake,With Feedback,95,50,80,0,2,0,0,81,0,0,100,69,1,100,0,9,60,82,100,0,98,100,0,100,100,0,80,40,0,0,0,70,60,100,0,0,0,0,100,100,More Fake & With Feedback,,ff8|ff15|ff36|ff25|ff12|ff40|ff16|ff29|ff10|ff30|ff31|ff7|ff4|ff33|ff27|ff11|ff22|ff2|ff6|ff37|ff17|ff13|ff38|ff28|ff3|ff1|ff9|ff5|ff26|ff20|ff23|ff14|ff32|ff35|ff39|ff21|ff34|ff24|ff19|ff18,,,,,,,,,,5,4,2,"CNN, Twitter",1,5,1,4,1,1,3,5,1,1,1,1,24,Republican,,49,Female,2,emily,7,10,39,8,No
167,More Fake,With Feedback,100,52,100,100,100,0,71,100,17,100,100,100,65,85,100,93,40,74,95,19,100,81,76,100,100,75,0,74,35,100,0,72,30,100,50,0,42,100,65,83,More Fake & With Feedback,,ff22|ff36|ff32|ff38|ff26|ff10|ff21|ff33|ff4|ff35|ff15|ff8|ff14|ff20|ff16|ff40|ff13|ff19|ff37|ff5|ff2|ff9|ff12|ff18|ff34|ff7|ff6|ff28|ff24|ff39|ff3|ff27|ff23|ff30|ff11|ff29|ff31|ff17|ff25|ff1,,,,,,,,,,2,4,4,"Google, CNN, local news, twitter",2,4,2,4,1,3,1,3,2,2,2,3,27,Democrat,,39,Male,2,June,8,10,30,7,No
168,More Fake,With Feedback,10,91,88,65,8,39,89,7,89,100,84,78,18,87,81,87,7,88,75,13,91,90,87,89,87,63,2,86,83,6,22,99,90,91,92,7,8,21,86,97,More Fake & With Feedback,,ff6|ff40|ff38|ff10|ff18|ff13|ff15|ff4|ff28|ff19|ff9|ff21|ff31|ff7|ff14|ff35|ff11|ff23|ff2|ff20|ff30|ff17|ff39|ff27|ff5|ff32|ff29|ff16|ff24|ff8|ff3|ff1|ff34|ff33|ff37|ff12|ff22|ff36|ff25|ff26,,,,,,,,,,5,4,4,"""WORLD HEALTH ORGANIZATION, NEWSPAPER, CENTER FOR DISEASE CONTROL AND PREVENTION, SOCIAL MEDIA""",3,4,4,5,1,4,2,1,3,1,2,5,32,Republican,,33,Male,2,Emily,8,50,20,7,Yes
169,More Fake,With Feedback,75,67,50,50,78,0,28,61,50,76,50,63,73,65,70,50,75,80,50,3,50,60,50,71,8,23,40,50,60,0,1,31,67,50,50,0,18,30,50,79,More Fake & With Feedback,,ff25|ff20|ff15|ff17|ff22|ff27|ff4|ff29|ff7|ff32|ff8|ff18|ff12|ff1|ff40|ff26|ff6|ff3|ff11|ff33|ff5|ff35|ff28|ff24|ff34|ff10|ff39|ff37|ff14|ff30|ff2|ff16|ff38|ff21|ff31|ff9|ff36|ff19|ff23|ff13,,,,,,,,,,4,2,2,"Reuters, The Washington Post",2,2,2,3,1,1,1,2,5,2,3,4,26,Other,unafilliated,28,Male,2,Emily,4,10,39,8,Yes
170,More Fake,With Feedback,100,82,100,100,95,0,39,95,20,15,81,91,100,94,0,26,9,100,90,0,100,90,81,20,0,0,0,20,17,0,0,0,99,32,0,0,80,19,0,28,More Fake & With Feedback,,ff33|ff38|ff18|ff8|ff36|ff6|ff11|ff35|ff24|ff9|ff26|ff37|ff32|ff3|ff16|ff30|ff22|ff5|ff23|ff13|ff2|ff17|ff29|ff39|ff7|ff20|ff12|ff40|ff27|ff1|ff19|ff31|ff14|ff25|ff28|ff4|ff21|ff15|ff34|ff10,,,,,,,,,,2,3,2,CNN; ABC,3,4,4,5,2,1,2,4,4,1,2,3,32,Democrat,,71,Male,2,Emily,4,50,39,8,Yes
171,More Fake,With Feedback,81,73,80,32,79,9,68,26,60,80,71,94,92,27,7,24,7,95,88,5,83,77,92,94,0,2,0,23,0,0,0,0,93,0,0,0,0,85,28,88,More Fake & With Feedback,,ff22|ff6|ff15|ff11|ff16|ff31|ff2|ff33|ff29|ff26|ff37|ff39|ff17|ff27|ff25|ff8|ff36|ff24|ff13|ff7|ff28|ff23|ff19|ff35|ff30|ff32|ff12|ff21|ff38|ff34|ff3|ff14|ff18|ff5|ff20|ff1|ff40|ff4|ff10|ff9,,,,,,,,,,2,2,3,"Nytimes, CNN, Washington post",1,5,4,5,2,1,2,5,2,1,1,1,29,Democrat,,33,Male,2,June,4,10,39,8,Yes
172,More Fake,With Feedback,86,91,93,59,81,0,71,97,28,93,10,93,78,84,62,78,20,91,83,0,92,88,94,90,1,0,0,9,1,0,0,14,84,2,0,0,9,95,75,90,More Fake & With Feedback,,ff19|ff24|ff1|ff20|ff23|ff36|ff4|ff8|ff28|ff26|ff12|ff31|ff17|ff34|ff14|ff37|ff29|ff15|ff3|ff2|ff30|ff18|ff39|ff10|ff35|ff40|ff9|ff11|ff27|ff33|ff32|ff13|ff16|ff7|ff22|ff38|ff6|ff5|ff25|ff21,,,,,,,,,,3,3,3,"CNN, NY Times online, Washington Post online",4,5,5,5,2,1,1,3,2,2,2,2,30,Democrat,,59,Female,2,Emily,4,10,39,8,Yes
173,More Fake,With Feedback,18,64,71,91,76,13,25,89,21,62,21,71,50,80,30,31,67,69,69,31,58,50,71,73,71,20,21,28,27,27,23,23,27,72,89,24,100,80,75,26,More Fake & With Feedback,,ff13|ff15|ff38|ff14|ff16|ff34|ff29|ff10|ff24|ff30|ff11|ff4|ff8|ff9|ff7|ff12|ff6|ff23|ff5|ff31|ff25|ff17|ff28|ff18|ff1|ff27|ff20|ff3|ff37|ff35|ff26|ff21|ff40|ff32|ff36|ff33|ff2|ff39|ff19|ff22,,,,,,,,,,2,4,3,"Fox News, New York Times, CNN",3,3,2,4,1,3,4,3,4,3,2,4,33,Republican,,23,Male,1,June,8,50,20,8,Yes
174,More Fake,With Feedback,94,100,100,91,91,0,100,100,100,92,55,100,100,40,0,79,61,90,100,0,100,100,81,100,0,0,19,0,0,0,0,0,100,0,0,0,0,11,70,100,More Fake & With Feedback,,ff17|ff4|ff1|ff14|ff32|ff35|ff25|ff26|ff11|ff39|ff30|ff23|ff8|ff27|ff18|ff10|ff6|ff5|ff29|ff16|ff36|ff12|ff24|ff34|ff22|ff2|ff20|ff9|ff38|ff33|ff40|ff37|ff21|ff19|ff28|ff15|ff7|ff13|ff31|ff3,,,,,,,,,,3,3,6,"CNN, Washington Post, USAToday, MSNBC, Many other newspapers",2,3,3,2,1,1,1,1,1,1,1,1,16,Democrat,,60,Male,2,Emily,4,10,39,8,Yes
175,More Fake,With Feedback,90,75,95,86,75,0,90,91,80,90,20,90,85,75,85,15,50,85,90,0,90,75,70,85,0,0,0,20,50,0,0,20,85,50,0,0,40,40,88,90,More Fake & With Feedback,,ff13|ff4|ff21|ff9|ff30|ff11|ff34|ff26|ff15|ff17|ff28|ff3|ff6|ff18|ff32|ff38|ff22|ff7|ff27|ff33|ff31|ff16|ff10|ff36|ff40|ff1|ff14|ff29|ff2|ff19|ff23|ff35|ff12|ff5|ff8|ff37|ff20|ff24|ff25|ff39,,,,,,,,,,3,4,6,"npr, bbc, le parisien, le monde, nytimes, washington post, wsj, afp, ap, reuters",2,2,2,2,1,1,1,2,1,1,1,1,15,Independent,,34,Male,2,Emily,4,10,39,8,No
176,More Fake,With Feedback,100,81,91,81,81,0,10,100,19,9,71,92,18,92,10,8,0,100,100,0,91,81,82,82,70,0,0,0,50,0,0,9,92,51,0,0,100,19,72,100,More Fake & With Feedback,,ff17|ff25|ff30|ff7|ff22|ff3|ff2|ff21|ff1|ff4|ff11|ff29|ff27|ff28|ff14|ff31|ff33|ff38|ff23|ff40|ff10|ff18|ff24|ff20|ff32|ff19|ff13|ff35|ff8|ff39|ff6|ff36|ff5|ff34|ff9|ff12|ff26|ff37|ff16|ff15,,,,,,,,,,2,3,5,"Google news, APNews, NY Times, WS Journal, Fox News",1,1,1,1,1,1,1,1,2,4,3,2,18,Republican,,64,Male,2,June,4,10,39,8,No
177,More Fake,With Feedback,65,15,35,90,60,10,35,95,40,80,20,70,70,55,10,55,20,90,65,55,90,35,75,15,25,5,15,45,60,5,5,20,75,20,80,0,95,60,25,85,More Fake & With Feedback,,ff39|ff36|ff35|ff4|ff40|ff11|ff2|ff8|ff6|ff31|ff3|ff25|ff19|ff7|ff34|ff24|ff37|ff30|ff23|ff28|ff29|ff5|ff32|ff14|ff13|ff22|ff21|ff12|ff38|ff27|ff17|ff16|ff20|ff18|ff15|ff9|ff26|ff10|ff33|ff1,,,,,,,,,,1,1,3,"Google news app, yahoo news, flipboard app",5,1,1,1,1,1,1,1,1,1,1,1,11,Republican,,43,Female,1,Emily,8,10,39,8,Yes
178,More Fake,With Feedback,100,91,100,88,91,0,71,100,0,12,85,80,100,100,91,77,10,100,100,0,100,74,15,91,84,0,0,0,77,0,0,0,13,76,85,0,100,86,98,17,More Fake & With Feedback,,ff7|ff38|ff20|ff36|ff27|ff28|ff23|ff17|ff11|ff40|ff1|ff33|ff22|ff8|ff31|ff21|ff37|ff34|ff10|ff9|ff14|ff26|ff29|ff4|ff32|ff5|ff15|ff35|ff19|ff16|ff39|ff30|ff18|ff12|ff13|ff3|ff6|ff24|ff25|ff2,,,,,,,,,,1,1,3,"Drudge Report, Daily Stormer, Google News, Al Jazeera",1,4,4,4,1,3,1,2,1,5,5,5,35,Republican,,58,Male,2,Emily,4,10,39,8,No
179,More Fake,With Feedback,75,85,70,65,90,10,35,75,50,75,65,70,75,70,75,50,75,80,65,10,75,70,65,80,10,10,30,15,25,0,15,20,80,25,25,0,25,65,50,85,More Fake & With Feedback,,ff2|ff30|ff40|ff38|ff17|ff21|ff12|ff10|ff11|ff13|ff35|ff1|ff18|ff14|ff31|ff36|ff23|ff28|ff29|ff5|ff25|ff20|ff32|ff19|ff4|ff27|ff24|ff26|ff9|ff37|ff6|ff39|ff15|ff34|ff8|ff22|ff3|ff33|ff16|ff7,,,,,,,,,,3,3,6,"Google news feed, cnn, fox, the hill, local, npr",3,2,2,2,2,2,2,2,3,3,3,3,26,Independent,,38,Male,1,Emily,8,10,39,8,No
180,More Fake,With Feedback,89,80,67,89,91,0,81,90,40,93,100,0,90,100,30,100,100,79,97,0,82,96,74,90,21,0,9,11,0,0,0,0,81,30,3,0,24,0,88,88,More Fake & With Feedback,,ff9|ff36|ff11|ff16|ff34|ff25|ff33|ff37|ff35|ff5|ff40|ff18|ff1|ff8|ff6|ff32|ff10|ff22|ff27|ff39|ff3|ff23|ff19|ff24|ff15|ff21|ff4|ff28|ff7|ff13|ff29|ff20|ff2|ff30|ff31|ff38|ff14|ff12|ff26|ff17,,,,,,,,,,4,4,4,"AP, NPR, Washington Post, Reuters",4,1,1,1,1,1,1,1,2,1,1,1,12,Independent,,43,Male,2,Emily,8,10,39,8,No
181,More Fake,With Feedback,100,0,100,100,91,0,100,100,100,61,100,100,100,100,0,100,0,100,9,62,0,100,100,100,0,0,0,0,71,0,30,0,100,0,0,0,100,0,0,0,More Fake & With Feedback,,ff26|ff8|ff32|ff3|ff40|ff11|ff5|ff30|ff19|ff35|ff1|ff16|ff4|ff10|ff29|ff31|ff38|ff17|ff28|ff37|ff7|ff24|ff25|ff20|ff6|ff34|ff39|ff2|ff15|ff12|ff13|ff22|ff9|ff33|ff21|ff23|ff36|ff27|ff18|ff14,,,,,,,,,,2,4,6,"Smart News App, RT News App, news.com.au, Military News, News Hub, and anything that might pop up on my computer.",1,2,2,2,1,1,4,2,1,5,1,1,22,Republican,,45,Female,1,June,8,10,20,8,No
182,More Fake,With Feedback,100,94,92,96,73,12,94,84,95,88,0,14,76,77,87,86,100,82,83,6,100,78,90,100,0,78,0,88,94,0,15,77,92,83,0,0,89,86,91,90,More Fake & With Feedback,,ff24|ff10|ff29|ff4|ff15|ff13|ff1|ff17|ff30|ff19|ff9|ff35|ff12|ff21|ff36|ff34|ff25|ff22|ff2|ff33|ff7|ff28|ff5|ff37|ff27|ff18|ff6|ff16|ff26|ff39|ff20|ff3|ff14|ff8|ff32|ff23|ff40|ff31|ff38|ff11,,,,,,,,,,2,2,1,google,2,4,4,4,2,2,2,2,2,4,2,2,30,Democrat,,42,Male,2,emily,4,10,39,8,Yes