StartDate,EndDate,Status,IPAddress,Progress,Duration (in seconds),Finished,RecordedDate,ResponseId,RecipientLastName,RecipientFirstName,RecipientEmail,ExternalReference,LocationLatitude,LocationLongitude,DistributionChannel,UserLanguage,Q3.4,Q5.1_1,Q5.2_1,Q5.3,Q6.1_2,Q6.2_1,Q6.3_1,Q6.4_1,Q6.5_1,Q6.6,Q6.7_1,Q6.8_1,Q6.9_1,Q6.10_1,Q6.11_1,Q6.12_1,Q6.13_1,Q6.14_1,Q6.15,Q6.16_1,Q6.17_1,Q6.18_1,Q6.19_1,Q6.20_1,Q6.21_1,Q6.22_1,Q7.1_1,Q7.2_1,Q7.3_1,Q7.4_1,Q7.5_1,Q7.6_1,Q7.7_1,Q7.8_1,Q7.9_1,Q7.10_1,Q7.11_1,Q7.12_1,Q7.13_1,Q7.14_1,Q7.15_1,Q7.16_1,Q7.17_1,Q7.18_1,Q7.19_1,Q7.20_1,Q8.1_1,Q8.2_1,Q8.3_1,Q8.4_1,Q8.5_1,Q8.6,Q8.7_1,Q8.8_1,Q8.9_1,Q8.10_1,Q8.11_1,Q8.12_1,Q8.13_1,Q8.14_1,Q8.15,Q8.16_1,Q8.17_1,Q8.18_1,Q8.19_1,Q8.20_1,Q8.21_1,Q8.22_1,Q9.1_1,Q9.2_1,Q9.3_1,Q9.4_1,Q9.5_1,Q9.6_1,Q9.7_1,Q9.8_1,Q9.9_1,Q9.10_1,Q9.11_1,Q9.12_1,Q9.13_1,Q9.14_1,Q9.15_1,Q9.16_1,Q9.17_1,Q9.18_1,Q9.19_1,Q9.20_1,Q10.1_1,Q11.1_1,Q11.2_1,Q12.1_1,Q12.1_2,Q12.1_3,Q12.1_4,Q12.1_5,Q12.1_6,Q12.1_7,Q12.1_8,Q12.1_9,Q12.1_10,Q12.1_11,Q13.1,Q13.2,Q13.2_5_TEXT,Warwick_ResponseID,Warwick_Experimenter,previous_wri,wri_valid,Set a Value Now
Start Date,End Date,Response Type,IP Address,Progress,Duration (in seconds),Finished,Recorded Date,Response ID,Recipient Last Name,Recipient First Name,Recipient Email,External Data Reference,Location Latitude,Location Longitude,Distribution Channel,User Language,Do you consent to take part in this study?,"First, we have a few questions about your attitudes towards news media. - How much of the time do you think you can trust the media to report the news fairly?",How often (around) do you proactively check the news regarding Covid-19? - Scale 1-5 is from never to multiple times a day,"When you look at news, how many different sources of news do you look at?",__omplications from coronavirus infection is similarly risky for people from the same age group._ - How true do you believe this post is?,__sing hand sanitizer to reduce the risk of infection from coronavirus is not as effective as people think._ - How true do you believe this post is?,"""The virus is mainly transmitted by contacting with surfaces."" - How true do you believe this post is?","""The period of Covid infectivity starts from first contact with other infected people."" - How true do you believe this post is?","""Complications of COVID-19 only occur in the respiratory tract."" - How true do you believe this post is?","When a big news story breaks, people often go online to get-up-to-the-minute details on what is going on. We want to know which websites people trust to get this information. We also want to know if people are paying attention to the question. Please ignore the question and select FoxNews.com and NBC.com as your two answers. 
When there is a big news story, which is the one news website you would visit first? (please choose only one):",__ashing hands with soap is not as effective as disinfectants in preventing coronavirus._ - How true do you believe this post is?,__earing masks does not have negative impacts on people__ normal breathing._ - How true do you believe this post is?,"""Vaccines against coronavirus can alter the human genome."" - How true do you believe this post is?","""Aerosols produced by infected people only remain in the air for a short period and do not transmit the coronavirus effectively."" - How true do you believe this post is?","""The number of people with signs of a heart attack or stroke coming to the clinics has increased since the beginning of the corona pandemic. "" - How true do you believe this post is?",__fizer CEO Albert Bourla said the company's two-dose vaccine offered limited or no protection against the omicron variant of COVID-19_ - How true do you believe this post is?,__he Latest: China punishes 30 officials for pandemic failing_ - How true do you believe this post is?,__opulations of wild deer across North America have tested positive for SARS-CoV-2 antibodies._ - How true do you believe this post is?,"We would like to get a sense of your general preferences.


Most modern theories of decision making recognize that decisions do not take place in a vacuum. Individual preferences and knowledge, along with situational variables can greatly impact the decision process. To demonstrate that you've read this much, just go ahead and select both red and green among the alternatives below, no matter what your favorite color is. Yes, ignore the question below and select both of those options.


What is your favorite color?",__S life expectancy in 2020 saw biggest drop since WWII_ - How true do you believe this post is?,__ovavax: Large Study Finds COVID-19 Shot About 90% Effective_ - How true do you believe this post is?,__upreme Court skeptical of Biden__ workplace vaccine rule_ - How true do you believe this post is?,__.K. gov__ advisers recommend against 4th vaccine dose_ - How true do you believe this post is?,"__ver 10,000 Washingtonians have died from COVID-19_ - How true do you believe this post is?",__fizer chief Albert Bourla wins $1 million Genesis Prize_ - How true do you believe this post is?,__mmunized but banned: EU says not all COVID vaccines equal._ - How true do you believe this post is?,__eople with diabetes are at a higher risk of complications from coronavirus infection._ - How true do you believe this post is?,__sing hand sanitizer with at least 60% alcohol is effective in reducing risk of infection from coronavirus._ - How true do you believe this post is?,__he virus is mainly transmitted via small respiratory drops._ - How true do you believe this post is?,__he period of Covid infectivity begins up to two and a half days before the first symptoms appear._ - How true do you believe this post is?,__OVID-19 is a multisystemic disease in which symptoms and long-term complications can also occur outside the respiratory tract._ - How true do you believe this post is?,__ashing hands with soap kills the coronavirus just as well as disinfectants do._ - How true do you believe this post is?,__urgical masks and FFP2 masks can affect breathing and the exercise tolerance of the heart and lungs even in healthy people._ - How true do you believe this post is?,__here is no evidence that mRNA vaccines against coronavirus manipulate human genes._ - How true do you believe this post is?,"__nfected people produce aerosols when they breathe, speak or sing, which remain in the air for a long time and transmit the coronavirus._ - How true do you believe this post is?",__ince the beginning of the corona pandemic fewer people than usual have been coming to the clinics with signs of a heart attack or stroke._ - How true do you believe this post is?,"__he Japanese Ministry of Health announced that a new coronavirus variant has been discovered in Japan, which differs from the variants in Great Britain and South Africa._ - How true do you believe this post is?",__hermal scanners cannot determine whether a person is infected with COVID-19._ - How true do you believe this post is?,__orona rapid tests are not as accurate as PCR tests._ - How true do you believe this post is?,__ompanies had already started with the production of vaccines before the approval procedure was completed._ - How true do you believe this post is?,__hose who are offered vaccination against COVID-19 by the state will not be able to choose the vaccine._ - How true do you believe this post is?,"__nly after the second corona vaccination is the completed vaccine protection given for the vaccines approved in Germany (Biontech, Moderna, AstraZeneca)._ - How true do you believe this post is?",__ new study from Trinity College Dublin revealed that vitamin D is likely to reduce serious coronavirus complications. The researchers urged the government to advise Irish citizens to take daily vitamin D supplements_. - How true do you believe this post is?,"__ixed-martial arts fighter Conor McGregor posted an online video urging the Irish government to enforce a complete lockdown, with the help of the army. __ urge our government to utilise our defence forces_ he stated_. - How true do you believe this post is?","__inn Féin  President Mary Lou McDonald called off two Sinn Féin rallies in March, after a case of coronavirus was reported at her children's school_. - How true do you believe this post is?","__s most of Europe is in lockdown, Sweden is pursuing a different strategy against COVID-19. Pubs, restaurants, gyms and most schools remain open in the Scandinavian state, with the government relying on personal responsibility for compliance rather than strict enforcement. Official guidance states that citizens may socialise, as long as they stay at __rm__ length_ from each other_. - How true do you believe this post is?",__eople with some certain illness have a higher risk of complications from coronavirus infection._ - How true do you believe this post is?,__ashing hands by products with alcohol is helpful in preventing infections of Covid-19._ - How true do you believe this post is?,"""COVID-19 is spread through close contact with people who have the virus"" - How true do you believe this post is?","""Infections of Covid actually start before the first symptoms."" - How true do you believe this post is?","""Complications of COVID-19 occur besides the respiratory tract."" - How true do you believe this post is?","When a big news story breaks, people often go online to get-up-to-the-minute details on what is going on. We want to know which websites people trust to get this information. We also want to know if people are paying attention to the question. Please ignore the question and select FoxNews.com and NBC.com as your two answers. 
When there is a big news story, which is the one news website you would visit first? (please choose only one):",__ashing hands with soap effectively prevents coronavirus._ - How true do you believe this post is?,__earing masks could have negative effects on healthy people__ respiratory tract._ - How true do you believe this post is?,"""mRNA vaccine against coronavirus does not change human genes."" - How true do you believe this post is?","""Coronavirus can remain in the air for a long period and be transmitted effectively."" - How true do you believe this post is?","""Since pandemic less people came to the hospital because of other illness "" - How true do you believe this post is?",__fizer CEO Albert Bourla said the company's two-dose vaccine offered limited or no protection against the omicron variant of COVID-19_ - How true do you believe this post is?,__he Latest: China punishes 30 officials for pandemic failing_ - How true do you believe this post is?,__opulations of wild deer across North America have tested positive for SARS-CoV-2 antibodies._ - How true do you believe this post is?,"We would like to get a sense of your general preferences.


Most modern theories of decision making recognize that decisions do not take place in a vacuum. Individual preferences and knowledge, along with situational variables can greatly impact the decision process. To demonstrate that you've read this much, just go ahead and select both red and green among the alternatives below, no matter what your favorite color is. Yes, ignore the question below and select both of those options.


What is your favorite color?",__S life expectancy in 2020 saw biggest drop since WWII_ - How true do you believe this post is?,__ovavax: Large Study Finds COVID-19 Shot About 90% Effective_ - How true do you believe this post is?,__upreme Court skeptical of Biden__ workplace vaccine rule_ - How true do you believe this post is?,__.K. gov__ advisers recommend against 4th vaccine dose_ - How true do you believe this post is?,"__ver 10,000 Washingtonians have died from COVID-19_ - How true do you believe this post is?",__fizer chief Albert Bourla wins $1 million Genesis Prize_ - How true do you believe this post is?,__mmunized but banned: EU says not all COVID vaccines equal._ - How true do you believe this post is?,__eople with diabetes are at a higher risk of complications from coronavirus infection._ - How true do you believe this post is?,__sing hand sanitizer with at least 60% alcohol is effective in reducing risk of infection from coronavirus._ - How true do you believe this post is?,__he virus is mainly transmitted via small respiratory drops._ - How true do you believe this post is?,__he period of Covid infectivity begins up to two and a half days before the first symptoms appear._ - How true do you believe this post is?,__OVID-19 is a multisystemic disease in which symptoms and long-term complications can also occur outside the respiratory tract._ - How true do you believe this post is?,__ashing hands with soap kills the coronavirus just as well as disinfectants do._ - How true do you believe this post is?,__urgical masks and FFP2 masks can affect breathing and the exercise tolerance of the heart and lungs even in healthy people._ - How true do you believe this post is?,__here is no evidence that mRNA vaccines against coronavirus manipulate human genes._ - How true do you believe this post is?,"__nfected people produce aerosols when they breathe, speak or sing, which remain in the air for a long time and transmit the coronavirus._ - How true do you believe this post is?",__ince the beginning of the corona pandemic fewer people than usual have been coming to the clinics with signs of a heart attack or stroke._ - How true do you believe this post is?,"__he Japanese Ministry of Health announced that a new coronavirus variant has been discovered in Japan, which differs from the variants in Great Britain and South Africa._ - How true do you believe this post is?",__hermal scanners cannot determine whether a person is infected with COVID-19._ - How true do you believe this post is?,__orona rapid tests are not as accurate as PCR tests._ - How true do you believe this post is?,__ompanies had already started with the production of vaccines before the approval procedure was completed._ - How true do you believe this post is?,__hose who are offered vaccination against COVID-19 by the state will not be able to choose the vaccine._ - How true do you believe this post is?,"__nly after the second corona vaccination is the completed vaccine protection given for the vaccines approved in Germany (Biontech, Moderna, AstraZeneca)._ - How true do you believe this post is?",__ new study from Trinity College Dublin revealed that vitamin D is likely to reduce serious coronavirus complications. The researchers urged the government to advise Irish citizens to take daily vitamin D supplements_. - How true do you believe this post is?,"__ixed-martial arts fighter Conor McGregor posted an online video urging the Irish government to enforce a complete lockdown, with the help of the army. __ urge our government to utilise our defence forces_ he stated_. - How true do you believe this post is?","__inn Féin  President Mary Lou McDonald called off two Sinn Féin rallies in March, after a case of coronavirus was reported at her children's school_. - How true do you believe this post is?","__s most of Europe is in lockdown, Sweden is pursuing a different strategy against COVID-19. Pubs, restaurants, gyms and most schools remain open in the Scandinavian state, with the government relying on personal responsibility for compliance rather than strict enforcement. Official guidance states that citizens may socialise, as long as they stay at __rm__ length_ from each other_. - How true do you believe this post is?",How exhausting has evaluating these headlines made you feel? - How exhausted do you feel?,How confident are you in your day-to-day life that you can detect true and fake news? - __ow confident are you in your day-to-day life that you can detect true and fake news?_,How confident are you in your evaluation of the truth and falsity of the headlines you__e seen in this study? - __ow confident are you in your evaluation of the truth and falsity of the headlines you__e seen in this study?_,"For each statement below, please select one choice from ""strongly disagree"" to ""strongly agree"" - Different people can have opposing views on what is true without anyone being wrong","For each statement below, please select one choice from ""strongly disagree"" to ""strongly agree"" - People can disagree on what is true without anyone being wrong","For each statement below, please select one choice from ""strongly disagree"" to ""strongly agree"" - Two different cultures could have dissimilar judgement rules towards what is true and both be __ight_","For each statement below, please select one choice from ""strongly disagree"" to ""strongly agree"" - There is a truthfulness standard that all news should be held to","For each statement below, please select one choice from ""strongly disagree"" to ""strongly agree"" - A piece of news is only fake if a person believes it is fake","For each statement below, please select one choice from ""strongly disagree"" to ""strongly agree"" - There is a crieterion for evaluating truth independent of personal beliefs","For each statement below, please select one choice from ""strongly disagree"" to ""strongly agree"" - The same truth standards should be followed by people from all cultures","For each statement below, please select one choice from ""strongly disagree"" to ""strongly agree"" - I feel hopeless attempting to figure out what information is true and what is false","For each statement below, please select one choice from ""strongly disagree"" to ""strongly agree"" - There is no point in figuring out what information is true or false because all of it is very misleading.","For each statement below, please select one choice from ""strongly disagree"" to ""strongly agree"" - My attempts to determine whether information is true or false do not seem to make any difference.","For each statement below, please select one choice from ""strongly disagree"" to ""strongly agree"" - The amount of information is so overwhelming I give up trying to figure out what is true or false",What is your age?,Gender What is your gender? - Selected Choice,Gender What is your gender? - not listed - Text,Warwick_ResponseID,Warwick_Experimenter,previous_wri,wri_valid,Set a Value Now
"{""ImportId"":""startDate"",""timeZone"":""America/Denver""}","{""ImportId"":""endDate"",""timeZone"":""America/Denver""}","{""ImportId"":""status""}","{""ImportId"":""ipAddress""}","{""ImportId"":""progress""}","{""ImportId"":""duration""}","{""ImportId"":""finished""}","{""ImportId"":""recordedDate"",""timeZone"":""America/Denver""}","{""ImportId"":""_recordId""}","{""ImportId"":""recipientLastName""}","{""ImportId"":""recipientFirstName""}","{""ImportId"":""recipientEmail""}","{""ImportId"":""externalDataReference""}","{""ImportId"":""locationLatitude""}","{""ImportId"":""locationLongitude""}","{""ImportId"":""distributionChannel""}","{""ImportId"":""userLanguage""}","{""ImportId"":""QID1""}","{""ImportId"":""QID1211098364_1""}","{""ImportId"":""QID1211098365_1""}","{""ImportId"":""QID1211098366""}","{""ImportId"":""QID1211098369_2""}","{""ImportId"":""QID1211098370_1""}","{""ImportId"":""QID1211098371_1""}","{""ImportId"":""QID1211098372_1""}","{""ImportId"":""QID1211098373_1""}","{""ImportId"":""QID1211098374""}","{""ImportId"":""QID1211098375_1""}","{""ImportId"":""QID1211098376_1""}","{""ImportId"":""QID1211098377_1""}","{""ImportId"":""QID1211098378_1""}","{""ImportId"":""QID1211098379_1""}","{""ImportId"":""QID1211098380_1""}","{""ImportId"":""QID1211098381_1""}","{""ImportId"":""QID1211098382_1""}","{""ImportId"":""QID1211098383""}","{""ImportId"":""QID1211098384_1""}","{""ImportId"":""QID1211098385_1""}","{""ImportId"":""QID1211098386_1""}","{""ImportId"":""QID1211098387_1""}","{""ImportId"":""QID1211098388_1""}","{""ImportId"":""QID1211098389_1""}","{""ImportId"":""QID1211098390_1""}","{""ImportId"":""QID1211098550_1""}","{""ImportId"":""QID1211098551_1""}","{""ImportId"":""QID1211098552_1""}","{""ImportId"":""QID1211098553_1""}","{""ImportId"":""QID1211098554_1""}","{""ImportId"":""QID1211098555_1""}","{""ImportId"":""QID1211098556_1""}","{""ImportId"":""QID1211098557_1""}","{""ImportId"":""QID1211098558_1""}","{""ImportId"":""QID1211098559_1""}","{""ImportId"":""QID1211098560_1""}","{""ImportId"":""QID1211098561_1""}","{""ImportId"":""QID1211098562_1""}","{""ImportId"":""QID1211098563_1""}","{""ImportId"":""QID1211098564_1""}","{""ImportId"":""QID1211098565_1""}","{""ImportId"":""QID1211098566_1""}","{""ImportId"":""QID1211098567_1""}","{""ImportId"":""QID1211098568_1""}","{""ImportId"":""QID1211098569_1""}","{""ImportId"":""QID1211098592_1""}","{""ImportId"":""QID1211098593_1""}","{""ImportId"":""QID1211098594_1""}","{""ImportId"":""QID1211098595_1""}","{""ImportId"":""QID1211098596_1""}","{""ImportId"":""QID1211098597""}","{""ImportId"":""QID1211098598_1""}","{""ImportId"":""QID1211098599_1""}","{""ImportId"":""QID1211098600_1""}","{""ImportId"":""QID1211098601_1""}","{""ImportId"":""QID1211098602_1""}","{""ImportId"":""QID1211098603_1""}","{""ImportId"":""QID1211098604_1""}","{""ImportId"":""QID1211098605_1""}","{""ImportId"":""QID1211098606""}","{""ImportId"":""QID1211098607_1""}","{""ImportId"":""QID1211098608_1""}","{""ImportId"":""QID1211098609_1""}","{""ImportId"":""QID1211098610_1""}","{""ImportId"":""QID1211098611_1""}","{""ImportId"":""QID1211098612_1""}","{""ImportId"":""QID1211098613_1""}","{""ImportId"":""QID1211098572_1""}","{""ImportId"":""QID1211098573_1""}","{""ImportId"":""QID1211098574_1""}","{""ImportId"":""QID1211098575_1""}","{""ImportId"":""QID1211098576_1""}","{""ImportId"":""QID1211098577_1""}","{""ImportId"":""QID1211098578_1""}","{""ImportId"":""QID1211098579_1""}","{""ImportId"":""QID1211098580_1""}","{""ImportId"":""QID1211098581_1""}","{""ImportId"":""QID1211098582_1""}","{""ImportId"":""QID1211098583_1""}","{""ImportId"":""QID1211098584_1""}","{""ImportId"":""QID1211098585_1""}","{""ImportId"":""QID1211098586_1""}","{""ImportId"":""QID1211098587_1""}","{""ImportId"":""QID1211098588_1""}","{""ImportId"":""QID1211098589_1""}","{""ImportId"":""QID1211098590_1""}","{""ImportId"":""QID1211098591_1""}","{""ImportId"":""QID1211098397_1""}","{""ImportId"":""QID1211098570_3""}","{""ImportId"":""QID1211098571_1""}","{""ImportId"":""QID1211098368_1""}","{""ImportId"":""QID1211098368_2""}","{""ImportId"":""QID1211098368_3""}","{""ImportId"":""QID1211098368_4""}","{""ImportId"":""QID1211098368_5""}","{""ImportId"":""QID1211098368_6""}","{""ImportId"":""QID1211098368_7""}","{""ImportId"":""QID1211098368_8""}","{""ImportId"":""QID1211098368_9""}","{""ImportId"":""QID1211098368_10""}","{""ImportId"":""QID1211098368_11""}","{""ImportId"":""QID1211098391_TEXT""}","{""ImportId"":""QID1211098392""}","{""ImportId"":""QID1211098392_5_TEXT""}","{""ImportId"":""Warwick_ResponseID""}","{""ImportId"":""Warwick_Experimenter""}","{""ImportId"":""previous_wri""}","{""ImportId"":""wri_valid""}","{""ImportId"":""Set a Value Now""}"
2022/12/5 8:51,2022/12/5 8:51,Survey Preview,,100,6,TRUE,2022/12/5 8:51,R_3De2nDsmqvphIpr,,,,,52.4064,-1.5082,preview,EN,I do not consent; I would like to be able to submit the alternative task on Tabula.,,,,,,,,,,,,,,,,,,,,,,,,,,,,,,,,,,,,,,,,,,,,,,,,,,,,,,,,,,,,,,,,,,,,,,,,,,,,,,,,,,,,,,,,,,,,,,,,,,,,,,,,,,,,no,
2022/12/6 4:09,2022/12/6 4:09,Survey Preview,,100,12,TRUE,2022/12/6 4:09,R_3GlkKVjgnU0gU7f,,,,,52.4064,-1.5082,preview,EN,I do not consent; I would like to be able to submit the alternative task on Tabula.,,,,,,,,,,,,,,,,,,,,,,,,,,,,,,,,,,,,,,,,,,,,,,,,,,,,,,,,,,,,,,,,,,,,,,,,,,,,,,,,,,,,,,,,,,,,,,,,,,,,,,,,,,,,no,
2022/12/6 4:34,2022/12/6 4:37,IP Address,5.151.177.162,100,217,TRUE,2022/12/6 4:37,R_Z2xcU1FbQrZrg4N,,,,,52.4064,-1.5082,anonymous,EN,I consent; proceed to the study.,Only some of the time,3-4 times a week,2,,,,,,,,,,,,,,,,,,,,,,,,,,,,,,,,,,,,,,,,,,,53,44,68,39,67,"FoxNews.com,NBC.com",56,37,60,56,45,57,45,44,"Red,Green",57,57,61,62,56,95,83,80,91,95,90,92,12,88,82,84,85,86,84,83,84,21,21,21,23,18,20,A little,A moderate amount,A lot,Strongly disagree,Somewhat disagree,Neither agree nor disagree,Somewhat agree,Neither agree nor disagree,Somewhat agree,Neither agree nor disagree,Somewhat agree,Neither agree nor disagree,Somewhat agree,Neither agree nor disagree,25,Female,,36587ef209d55b9bd1e3,TRUE,,yes,
2022/12/6 5:08,2022/12/6 5:08,IP Address,5.151.177.162,100,10,TRUE,2022/12/6 5:08,R_2COlmNzSDJfcVwh,,,,,52.4064,-1.5082,anonymous,EN,I do not consent; I would like to be able to submit the alternative task on Tabula.,,,,,,,,,,,,,,,,,,,,,,,,,,,,,,,,,,,,,,,,,,,,,,,,,,,,,,,,,,,,,,,,,,,,,,,,,,,,,,,,,,,,,,,,,,,,,,,,,,,,,,,,,36587ef209d55b9bd1e3,TRUE,,yes,
2022/12/6 5:08,2022/12/6 5:11,IP Address,5.151.177.162,100,144,TRUE,2022/12/6 5:11,R_31zP0OzBdjr4syj,,,,,52.4064,-1.5082,anonymous,EN,I consent; proceed to the study.,Only some of the time,Once a week,2,73,37,73,37,64,Huffington Post,63,35,66,39,60,60,37,61,"Red,Green",54,54,44,63,45,44,59,43,45,58,35,57,42,61,42,59,62,37,43,59,40,55,57,56,59,56,54,,,,,,,,,,,,,,,,,,,,,,,,,,,,,,,,,,,,,,,,,,,A moderate amount,A little,A lot,Strongly disagree,Somewhat disagree,Neither agree nor disagree,Somewhat agree,Neither agree nor disagree,Somewhat agree,Neither agree nor disagree,Somewhat agree,Neither agree nor disagree,Somewhat disagree,Neither agree nor disagree,25,Female,,36587ef209d55b9bd1e3,TRUE,,yes,
2022/12/6 5:25,2022/12/6 5:33,IP Address,137.205.1.193,100,513,TRUE,2022/12/6 5:33,R_2qejP6NWzlZf7uO,,,,,52.382,-1.5874,anonymous,EN,I consent; proceed to the study.,Most of the time,Never,2,,,,,,,,,,,,,,,,,,,,,,,,,,,,,,,,,,,,,,,,,,,89,78,100,75,34,"FoxNews.com,NBC.com",68,25,50,75,79,30,15,11,"Red,Green",65,68,13,76,7,32,17,76,100,75,72,89,86,0,34,23,25,64,23,100,26,79,54,9,0,0,100,A moderate amount,A little,A little,Somewhat agree,Somewhat agree,Strongly agree,Strongly agree,Strongly disagree,Somewhat disagree,Strongly agree,Somewhat agree,Neither agree nor disagree,Somewhat disagree,Somewhat agree,19,Female,,8977e33809c4f187995b,FALSE,,yes,
2022/12/6 5:18,2022/12/6 5:39,IP Address,137.205.1.63,100,1226,TRUE,2022/12/6 5:39,R_1rcPjQWyPc9MeWY,,,,,52.382,-1.5874,anonymous,EN,I consent; proceed to the study.,Only some of the time,3-4 times a week,1,15,80,70,19,23,"FoxNews.com,NBC.com",0,90,65,80,94,19,14,23,"Red,Green",24,55,67,0,69,81,87,95,88,86,93,71,24,22,58,72,19,89,95,99,77,80,67,24,76,69,76,,,,,,,,,,,,,,,,,,,,,,,,,,,,,,,,,,,,,,,,,,,A great deal,A little,A moderate amount,Strongly agree,Strongly agree,Somewhat agree,Somewhat agree,Somewhat disagree,Neither agree nor disagree,Somewhat disagree,Somewhat agree,Somewhat disagree,Somewhat agree,Somewhat agree,19,Female,,25187c84d394a63c2964,FALSE,,yes,
2022/12/6 5:29,2022/12/6 5:40,IP Address,137.205.1.223,100,621,TRUE,2022/12/6 5:40,R_3Glcm5vAYATNmz1,,,,,52.382,-1.5874,anonymous,EN,I consent; proceed to the study.,Only some of the time,Never,2,,,,,,,,,,,,,,,,,,,,,,,,,,,,,,,,,,,,,,,,,,,83,83,95,80,73,"FoxNews.com,NBC.com",36,18,85,92,26,55,57,61,"Red,Green",29,66,65,62,79,50,81,69,10,78,89,69,3,58,60,75,41,71,81,92,90,28,60,63,63,80,95,A little,A moderate amount,A lot,Somewhat agree,Somewhat agree,Somewhat agree,Strongly agree,Strongly disagree,Somewhat agree,Somewhat agree,Somewhat agree,Somewhat agree,Neither agree nor disagree,Strongly disagree,19,Female,,5448c6affffc1398c548,FALSE,,yes,
2022/12/6 5:49,2022/12/6 6:01,IP Address,137.205.1.78,100,689,TRUE,2022/12/6 6:01,R_1P2fjKcGgv2ELcA,,,,,52.382,-1.5874,anonymous,EN,I consent; proceed to the study.,Most of the time,Once a week,3,30,63,83,12,27,New York Times website,59,96,2,36,66,43,36,16,"Red,Green",25,63,30,18,36,61,61,61,65,39,76,81,39,20,89,56,62,23,70,84,22,5,70,65,38,72,21,,,,,,,,,,,,,,,,,,,,,,,,,,,,,,,,,,,,,,,,,,,A lot,A moderate amount,A moderate amount,Somewhat agree,Somewhat agree,Somewhat agree,Strongly agree,Strongly disagree,Somewhat agree,Somewhat disagree,Somewhat disagree,Somewhat disagree,Somewhat disagree,Somewhat disagree,19,Female,,a059d69bce1a198ef174,FALSE,,yes,
2022/12/6 6:07,2022/12/6 6:17,IP Address,137.205.1.238,100,587,TRUE,2022/12/6 6:17,R_r3b9NpvcB4N4hax,,,,,52.382,-1.5874,anonymous,EN,I consent; proceed to the study.,Only some of the time,Never,2,,,,,,,,,,,,,,,,,,,,,,,,,,,,,,,,,,,,,,,,,,,92,71,100,55,91,"New York Times website,FoxNews.com",23,48,68,68,69,72,62,33,Pink,55,29,63,46,37,54,55,58,62,55,63,67,41,41,61,59,37,60,67,59,60,60,63,60,56,61,59,A lot,A little,None at all,Somewhat agree,Somewhat agree,Strongly agree,Somewhat agree,Strongly disagree,Somewhat disagree,Neither agree nor disagree,Neither agree nor disagree,Neither agree nor disagree,Neither agree nor disagree,Neither agree nor disagree,18,Female,,95d1113c2977df5e52ad,FALSE,,yes,
2022/12/6 5:59,2022/12/6 6:18,IP Address,104.28.86.103,100,1148,TRUE,2022/12/6 6:18,R_xDRenjDee6u7hV7,,,,,51.5164,-0.093,anonymous,EN,I consent; proceed to the study.,Most of the time,Never,2,66,41,69,72,69,Google News,47,45,55,42,41,6,77,35,Pink,61,60,64,61,79,72,70,66,30,91,13,68,96,64,53,39,36,42,28,70,41,34,62,50,35,42,64,,,,,,,,,,,,,,,,,,,,,,,,,,,,,,,,,,,,,,,,,,,A lot,A moderate amount,A little,Strongly agree,Somewhat agree,Strongly agree,Strongly agree,Strongly disagree,Neither agree nor disagree,Neither agree nor disagree,Somewhat disagree,Somewhat disagree,Somewhat disagree,Neither agree nor disagree,19,Female,,9bcc9bdf35001574ec3c,FALSE,,yes,
2022/12/6 6:08,2022/12/6 6:31,IP Address,137.205.1.204,100,1408,TRUE,2022/12/6 6:31,R_1Kv7la6syiPb3dr,,,,,52.382,-1.5874,anonymous,EN,I consent; proceed to the study.,Only some of the time,Never,3,,,,,,,,,,,,,,,,,,,,,,,,,,,,,,,,,,,,,,,,,,,87,74,95,87,85,"FoxNews.com,NBC.com",71,20,50,71,80,50,58,56,"Red,Green",40,78,67,23,70,54,40,86,86,71,69,90,68,31,61,81,71,52,30,78,22,56,71,56,76,56,35,A moderate amount,A lot,A moderate amount,Neither agree nor disagree,Neither agree nor disagree,Somewhat agree,Strongly agree,Somewhat disagree,Somewhat agree,Somewhat agree,Somewhat disagree,Strongly disagree,Somewhat disagree,Neither agree nor disagree,18,Female,,5d3698f5cb6def309eab,FALSE,,yes,
2022/12/6 6:31,2022/12/6 6:42,IP Address,137.205.1.107,100,633,TRUE,2022/12/6 6:42,R_2YYBg9cseSVn503,,,,,52.382,-1.5874,anonymous,EN,I consent; proceed to the study.,Only some of the time,Once a week,2,,,,,,,,,,,,,,,,,,,,,,,,,,,,,,,,,,,,,,,,,,,61,100,81,82,81,NBC.com,82,61,51,10,9,50,71,50,Pink,30,50,41,50,50,29,71,82,72,29,81,60,31,69,83,31,70,19,82,82,61,71,50,50,60,60,71,A moderate amount,A moderate amount,A moderate amount,Neither agree nor disagree,Neither agree nor disagree,Somewhat agree,Somewhat agree,Strongly disagree,Somewhat agree,Neither agree nor disagree,Somewhat agree,Somewhat agree,Somewhat disagree,Somewhat disagree,19,Female,,79a5d25183bd09f03f47,FALSE,,yes,
2022/12/6 6:08,2022/12/6 6:48,IP Address,137.205.1.22,100,2370,TRUE,2022/12/6 6:48,R_ANVKhf1tNopmwut,,,,,52.382,-1.5874,anonymous,EN,I consent; proceed to the study.,Most of the time,Once a week,2,85,30,85,95,85,Google News,80,40,75,25,80,90,85,90,"Red,Green",75,75,90,60,100,100,85,91,100,45,88,90,70,85,75,90,30,80,81,60,89,90,95,90,88,85,90,,,,,,,,,,,,,,,,,,,,,,,,,,,,,,,,,,,,,,,,,,,A moderate amount,A little,A moderate amount,Strongly agree,Somewhat agree,Strongly agree,Neither agree nor disagree,Somewhat disagree,Somewhat agree,Somewhat disagree,Neither agree nor disagree,Somewhat agree,Neither agree nor disagree,Neither agree nor disagree,18,Female,,a8c4031b31c9934bdf47,FALSE,,yes,
2022/12/6 6:55,2022/12/6 7:06,IP Address,137.205.1.159,100,672,TRUE,2022/12/6 7:06,R_2YlZH1MkkF6S4wS,,,,,52.382,-1.5874,anonymous,EN,I consent; proceed to the study.,Only some of the time,Once a week,3,62,65,51,23,10,"FoxNews.com,NBC.com",55,70,13,35,60,41,35,41,"Red,Green",4,38,46,43,39,60,63,81,64,61,39,82,39,33,70,56,40,64,55,81,37,57,59,81,57,35,60,,,,,,,,,,,,,,,,,,,,,,,,,,,,,,,,,,,,,,,,,,,A great deal,A moderate amount,A little,Somewhat disagree,Somewhat disagree,Neither agree nor disagree,Somewhat agree,Strongly disagree,Somewhat agree,Somewhat agree,Somewhat agree,Strongly disagree,Somewhat disagree,Strongly disagree,18,Female,,4223ab740422269a9ed7,FALSE,,yes,
2022/12/6 7:03,2022/12/6 7:09,IP Address,137.205.1.39,100,356,TRUE,2022/12/6 7:09,R_28TILsuKNEqSs9r,,,,,52.382,-1.5874,anonymous,EN,I consent; proceed to the study.,Only some of the time,Never,2,42,41,60,34,28,New York Times website,37,61,20,70,40,65,43,41,"Red,Green",40,60,61,39,44,68,71,59,74,41,68,58,66,38,39,62,36,70,64,67,32,34,67,29,77,72,58,,,,,,,,,,,,,,,,,,,,,,,,,,,,,,,,,,,,,,,,,,,A lot,None at all,A little,Somewhat agree,Strongly agree,Somewhat agree,Somewhat agree,Somewhat disagree,Neither agree nor disagree,Somewhat disagree,Somewhat agree,Neither agree nor disagree,Somewhat agree,Strongly agree,19,Female,,95e686575463f173a91b,FALSE,,yes,
2022/12/6 6:55,2022/12/6 7:11,IP Address,137.205.1.145,100,987,TRUE,2022/12/6 7:11,R_22lihrzlWZQzsCV,,,,,52.382,-1.5874,anonymous,EN,I consent; proceed to the study.,Most of the time,Never,2,,,,,,,,,,,,,,,,,,,,,,,,,,,,,,,,,,,,,,,,,,,90,72,97,70,50,"FoxNews.com,NBC.com",30,20,93,61,34,12,12,43,"Red,Green",43,74,51,19,57,50,55,69,39,79,50,79,34,54,79,5,55,44,28,68,51,69,62,29,19,50,52,A great deal,A little,A little,Somewhat agree,Somewhat agree,Somewhat agree,Somewhat agree,Somewhat disagree,Somewhat agree,Neither agree nor disagree,Somewhat agree,Somewhat disagree,Neither agree nor disagree,Somewhat agree,19,Female,,4a894bccabb6cdb13ed7,FALSE,,yes,
2022/12/6 7:04,2022/12/6 7:19,IP Address,137.205.1.88,100,925,TRUE,2022/12/6 7:19,R_2Y95x0zzLiefhia,,,,,52.382,-1.5874,anonymous,EN,I consent; proceed to the study.,Almost never,Never,2,,,,,,,,,,,,,,,,,,,,,,,,,,,,,,,,,,,,,,,,,,,99,85,96,75,85,"FoxNews.com,NBC.com",72,12,90,50,72,78,50,50,"Red,Green",48,75,60,55,60,70,70,55,80,80,72,85,30,60,95,65,60,60,40,75,60,72,40,30,40,50,70,A little,A moderate amount,A little,Strongly agree,Strongly agree,Strongly agree,Strongly agree,Strongly disagree,Strongly agree,Somewhat agree,Neither agree nor disagree,Somewhat disagree,Strongly disagree,Neither agree nor disagree,18,Female,,29798e032225309d6992,FALSE,,yes,
2022/12/6 7:10,2022/12/6 7:23,IP Address,137.205.1.13,100,779,TRUE,2022/12/6 7:23,R_3htG4LywKCO1cC8,,,,,52.382,-1.5874,anonymous,EN,I consent; proceed to the study.,Most of the time,Never,1,,,,,,,,,,,,,,,,,,,,,,,,,,,,,,,,,,,,,,,,,,,100,71,100,100,95,"FoxNews.com,NBC.com",10,40,61,19,50,30,50,50,"Red,Green",60,50,50,0,75,50,25,89,50,10,85,100,6,60,50,50,10,50,75,76,50,40,82,50,50,50,50,None at all,None at all,A little,Somewhat agree,Neither agree nor disagree,Somewhat agree,Strongly agree,Strongly disagree,Strongly agree,Neither agree nor disagree,Somewhat agree,Somewhat agree,Somewhat agree,Neither agree nor disagree,19,Male,,f8c406d224d81cb2c6b4,FALSE,,yes,
2022/12/6 6:03,2022/12/6 8:22,IP Address,137.205.1.128,100,8318,TRUE,2022/12/6 8:22,R_3b1wtMVWLhUSK1r,,,,,52.382,-1.5874,anonymous,EN,I consent; proceed to the study.,Only some of the time,Never,2,25,40,70,40,61,Yahoo! News,60,47,0,0,30,49,40,44,"Red,Green",39,19,69,59,80,48,29,60,70,70,70,30,30,80,81,82,71,91,61,41,81,81,52,49,48,31,69,,,,,,,,,,,,,,,,,,,,,,,,,,,,,,,,,,,,,,,,,,,A great deal,A little,A little,Strongly disagree,Somewhat disagree,Somewhat disagree,Strongly disagree,Somewhat agree,Somewhat disagree,Strongly disagree,Strongly disagree,Somewhat disagree,Somewhat disagree,Somewhat disagree,19,Female,,8c55a31df5cc9934a9fe,FALSE,,yes,
2022/12/6 12:10,2022/12/6 12:28,IP Address,90.202.218.120,100,1072,TRUE,2022/12/6 12:28,R_2ZX21WijPgfpAYu,,,,,52.3907,-1.2911,anonymous,EN,I consent; proceed to the study.,Only some of the time,Once a week,2,75,68,40,80,40,"FoxNews.com,NBC.com",45,40,25,70,30,19,70,55,"Red,Green",75,44,83,80,35,35,65,80,30,60,34,76,35,65,61,25,44,90,75,95,65,65,40,30,25,60,40,,,,,,,,,,,,,,,,,,,,,,,,,,,,,,,,,,,,,,,,,,,A moderate amount,A little,A little,Somewhat agree,Somewhat agree,Somewhat disagree,Strongly agree,Neither agree nor disagree,Somewhat disagree,Neither agree nor disagree,Neither agree nor disagree,Somewhat agree,Somewhat agree,Somewhat disagree,18,Female,,31de073bfbb46016b449,FALSE,,yes,
2022/12/6 12:26,2022/12/6 12:42,IP Address,109.175.226.163,100,968,TRUE,2022/12/6 12:42,R_2y79J20CDcngCK5,,,,,52.382,-1.5874,anonymous,EN,I consent; proceed to the study.,Most of the time,3-4 times a week,3,,,,,,,,,,,,,,,,,,,,,,,,,,,,,,,,,,,,,,,,,,,92,95,95,95,51,Google News,95,23,34,80,52,75,90,34,Pink,73,42,81,91,63,92,82,74,92,82,59,80,88,37,40,74,64,35,100,36,57,57,58,57,47,47,66,A lot,A little,A little,Somewhat agree,Somewhat agree,Somewhat agree,Somewhat disagree,Strongly disagree,Somewhat agree,Somewhat disagree,Somewhat agree,Somewhat agree,Somewhat agree,Neither agree nor disagree,19,Female,,70b89641ae80752f209d,FALSE,,yes,
2022/12/6 12:36,2022/12/6 13:15,IP Address,137.205.1.253,100,2340,TRUE,2022/12/6 13:15,R_2QiApZngzAOoGJK,,,,,52.382,-1.5874,anonymous,EN,I consent; proceed to the study.,Most of the time,3-4 times a week,3,,,,,,,,,,,,,,,,,,,,,,,,,,,,,,,,,,,,,,,,,,,30,82,92,61,62,Google News,68,72,18,60,72,29,92,61,"Red,Green",70,39,71,69,81,31,71,59,28,59,27,37,28,91,61,30,70,23,91,57,33,30,71,61,36,76,70,A little,A little,A little,Strongly agree,Strongly agree,Somewhat agree,Somewhat disagree,Strongly disagree,Somewhat disagree,Strongly agree,Somewhat agree,Strongly agree,Somewhat agree,Neither agree nor disagree,18,Female,,ba31b43500319a91b2af,FALSE,,yes,
2022/12/7 7:41,2022/12/7 7:49,IP Address,151.225.213.67,100,494,TRUE,2022/12/7 7:49,R_2RR4eTuJxUBUFOY,,,,,52.0444,1.1273,anonymous,EN,I consent; proceed to the study.,Only some of the time,Never,2,37,41,21,67,23,"FoxNews.com,NBC.com",35,75,0,12,66,7,58,38,"Red,Green",11,65,55,0,37,62,19,24,100,84,68,94,32,22,100,84,50,42,37,76,26,74,71,63,64,41,70,,,,,,,,,,,,,,,,,,,,,,,,,,,,,,,,,,,,,,,,,,,A lot,A moderate amount,A little,Somewhat agree,Neither agree nor disagree,Strongly agree,Strongly agree,Strongly disagree,Neither agree nor disagree,Somewhat agree,Somewhat disagree,Somewhat disagree,Strongly disagree,Strongly disagree,18,Female,,8f60e67f50fd670df754,FALSE,,yes,
2022/12/7 8:47,2022/12/7 9:00,IP Address,80.5.185.22,100,785,TRUE,2022/12/7 9:00,R_2xYiYUTyMRjyltU,,,,,52.4259,-1.4628,anonymous,EN,I consent; proceed to the study.,Almost never,Once a week,4,,,,,,,,,,,,,,,,,,,,,,,,,,,,,,,,,,,,,,,,,,,95,75,80,85,60,"FoxNews.com,NBC.com",20,0,50,70,0,30,0,20,"Red,Green",50,75,65,60,66,50,70,51,60,70,19,65,10,30,71,0,10,60,61,50,50,51,71,34,29,9,20,A moderate amount,A moderate amount,A little,Strongly agree,Strongly agree,Strongly agree,Strongly agree,Strongly disagree,Strongly agree,Strongly agree,Neither agree nor disagree,Somewhat disagree,Somewhat agree,Neither agree nor disagree,18,Female,,ed688ef05b714f16df35,FALSE,,yes,
2022/12/7 5:40,2022/12/7 10:26,IP Address,137.205.1.55,100,17157,TRUE,2022/12/7 10:26,R_2A0iIOriXkU9Rpb,,,,,52.382,-1.5874,anonymous,EN,I consent; proceed to the study.,Almost never,Once a week,3,37,48,55,81,22,"FoxNews.com,NBC.com",2,87,16,24,53,75,81,46,"Red,Green",55,69,97,90,42,52,93,83,68,91,86,92,88,54,78,28,53,87,68,90,62,54,71,56,38,59,56,,,,,,,,,,,,,,,,,,,,,,,,,,,,,,,,,,,,,,,,,,,A moderate amount,A moderate amount,A little,Somewhat disagree,Somewhat disagree,Neither agree nor disagree,Somewhat agree,Strongly disagree,Somewhat agree,Somewhat agree,Somewhat agree,Strongly disagree,Somewhat disagree,Somewhat agree,18,Female,,3f31d077b58ab9c39494,FALSE,,yes,
2022/12/7 11:13,2022/12/7 11:29,IP Address,90.246.242.20,100,986,TRUE,2022/12/7 11:29,R_1rijxDlKefdvBWY,,,,,52.4835,-2.0835,anonymous,EN,I consent; proceed to the study.,Only some of the time,Never,4,80,60,60,100,30,"FoxNews.com,NBC.com",26,18,49,60,89,54,50,42,"Red,Green",50,40,58,22,51,62,62,87,70,76,94,82,73,81,40,64,28,71,38,100,56,19,28,58,60,62,76,,,,,,,,,,,,,,,,,,,,,,,,,,,,,,,,,,,,,,,,,,,A moderate amount,A lot,A little,Somewhat agree,Somewhat agree,Strongly agree,Strongly agree,Strongly disagree,Somewhat agree,Somewhat agree,Strongly disagree,Somewhat disagree,Strongly disagree,Strongly disagree,18,Female,,19bd08ab8962aba33369,FALSE,,yes,
2022/12/7 13:10,2022/12/7 13:23,IP Address,86.6.212.125,100,777,TRUE,2022/12/7 13:23,R_ewzy1MiwwegMFBD,,,,,52.4064,-1.5082,anonymous,EN,I consent; proceed to the study.,Only some of the time,Once a week,4,,,,,,,,,,,,,,,,,,,,,,,,,,,,,,,,,,,,,,,,,,,81,85,100,60,39,"FoxNews.com,NBC.com",6,10,51,41,15,55,40,41,"Red,Green",39,28,56,35,57,56,38,60,62,61,59,68,44,31,65,33,30,38,61,71,32,37,35,56,62,53,57,A lot,A moderate amount,A little,Somewhat disagree,Somewhat disagree,Somewhat agree,Strongly agree,Strongly disagree,Somewhat agree,Somewhat agree,Somewhat agree,Somewhat agree,Somewhat disagree,Neither agree nor disagree,19,Female,,79ba448f19d518797c43,FALSE,,yes,
2022/12/7 13:49,2022/12/7 14:02,IP Address,80.6.212.219,100,727,TRUE,2022/12/7 14:02,R_3DumTCDgrtE1J14,,,,,51.5565,0.134,anonymous,EN,I consent; proceed to the study.,Almost never,Never,2,,12,22,50,25,"FoxNews.com,NBC.com",85,90,0,50,60,40,45,53,"Red,Green",69,70,58,40,40,31,60,70,77,80,80,83,36,5,100,43,50,56,75,90,50,64,55,62,50,50,80,,,,,,,,,,,,,,,,,,,,,,,,,,,,,,,,,,,,,,,,,,,A little,A little,None at all,Somewhat agree,Somewhat agree,Strongly agree,Strongly agree,Somewhat disagree,Somewhat agree,Neither agree nor disagree,Neither agree nor disagree,Somewhat agree,Neither agree nor disagree,Somewhat agree,18,Female,,ae7c966de2f756d08c28,FALSE,,yes,
2022/12/7 13:43,2022/12/7 14:02,IP Address,109.146.160.31,100,1160,TRUE,2022/12/7 14:02,R_cZIyZIe49Pkvhxn,,,,,52.382,-1.5874,anonymous,EN,I consent; proceed to the study.,Only some of the time,Never,1,,,,,,,,,,,,,,,,,,,,,,,,,,,,,,,,,,,,,,,,,,,100,70,100,71,97,"FoxNews.com,NBC.com",60,29,59,67,40,34,23,33,"Red,Green",13,70,81,70,86,64,55,23,53,68,71,34,61,60,44,73,35,45,76,100,34,63,59,35,47,62,62,A lot,A little,A little,Somewhat agree,Somewhat agree,Somewhat agree,Strongly agree,Strongly disagree,Neither agree nor disagree,Neither agree nor disagree,Somewhat disagree,Somewhat disagree,Strongly disagree,Somewhat disagree,18,Female,,1a03eeb11544c113d699,FALSE,,yes,
2022/12/8 7:14,2022/12/8 7:30,IP Address,137.205.1.225,100,914,TRUE,2022/12/8 7:30,R_2VI7MCRjY8a5ZjW,,,,,52.382,-1.5874,anonymous,EN,I consent; proceed to the study.,Only some of the time,Once a week,3,,,,,,,,,,,,,,,,,,,,,,,,,,,,,,,,,,,,,,,,,,,60,72,84,58,41,Google News,64,72,44,50,60,50,61,50,Pink,62,42,36,64,63,59,61,60,30,36,62,55,23,65,31,34,73,73,15,86,65,60,66,61,60,50,23,A little,A moderate amount,A moderate amount,Somewhat disagree,Neither agree nor disagree,Strongly disagree,Somewhat disagree,Somewhat agree,Somewhat disagree,Strongly disagree,Somewhat agree,Somewhat agree,Neither agree nor disagree,Somewhat disagree,20,Female,,df5cc865a323684ff02c,FALSE,,yes,
2022/12/8 11:29,2022/12/8 11:41,IP Address,194.66.251.11,100,688,TRUE,2022/12/8 11:41,R_bNjNRBu9r7Dir7z,,,,,52.382,-1.5874,anonymous,EN,I consent; proceed to the study.,Only some of the time,Never,3,10,35,40,70,40,"FoxNews.com,NBC.com",70,60,10,0,80,40,70,30,"Red,Green",70,70,40,20,80,40,70,90,80,80,70,100,30,10,90,100,20,65,85,100,60,70,60,60,0,60,70,,,,,,,,,,,,,,,,,,,,,,,,,,,,,,,,,,,,,,,,,,,A moderate amount,A moderate amount,A moderate amount,Somewhat disagree,Somewhat disagree,Somewhat disagree,Strongly agree,Strongly disagree,Somewhat disagree,Somewhat agree,Neither agree nor disagree,Neither agree nor disagree,Somewhat disagree,Neither agree nor disagree,18,Female,,c0fa4783a63eeab75449,FALSE,,yes,
2022/12/9 6:45,2022/12/9 7:09,IP Address,137.205.1.109,100,1471,TRUE,2022/12/9 7:09,R_26b54B6XptEyNbc,,,,,52.382,-1.5874,anonymous,EN,I consent; proceed to the study.,Only some of the time,Never,2,,,,,,,,,,,,,,,,,,,,,,,,,,,,,,,,,,,,,,,,,,,70,70,100,90,80,"New York Times website,Yahoo! News",40,19,41,60,30,60,51,51,Blue,51,68,60,61,59,0,100,9,64,19,71,72,72,18,25,35,99,88,51,100,77,73,83,75,70,72,18,A great deal,A moderate amount,A moderate amount,Somewhat disagree,Somewhat disagree,Somewhat agree,Somewhat agree,Somewhat disagree,Somewhat agree,Somewhat disagree,Somewhat disagree,Somewhat disagree,Somewhat disagree,Somewhat disagree,19,Female,,866d0a184fd7db27f4b8,FALSE,,yes,
2022/12/9 10:41,2022/12/9 11:11,IP Address,137.205.1.230,100,1834,TRUE,2022/12/9 11:11,R_1hzKlxKUfZwDw39,,,,,52.382,-1.5874,anonymous,EN,I consent; proceed to the study.,Only some of the time,Never,3,36,60,61,51,21,Google News,41,36,47,49,71,48,45,49,Black,47,55,62,51,41,61,57,80,70,70,60,80,60,70,60,60,38,41,45,46,47,41,61,66,40,44,44,,,,,,,,,,,,,,,,,,,,,,,,,,,,,,,,,,,,,,,,,,,A lot,A moderate amount,A little,Strongly agree,Somewhat agree,Somewhat agree,Neither agree nor disagree,Somewhat disagree,Neither agree nor disagree,Strongly agree,Neither agree nor disagree,Somewhat agree,Somewhat agree,Somewhat agree,18,Female,,cb4336577cad3a784d39,FALSE,,yes,
2022/12/9 11:06,2022/12/9 11:17,IP Address,137.205.1.132,100,665,TRUE,2022/12/9 11:17,R_5jLFJQeA7lKuEQV,,,,,52.382,-1.5874,anonymous,EN,I consent; proceed to the study.,Only some of the time,Never,2,,,,,,,,,,,,,,,,,,,,,,,,,,,,,,,,,,,,,,,,,,,97,91,95,70,82,"FoxNews.com,NBC.com",20,9,86,18,78,65,55,31,"Red,Green",71,92,63,8,92,47,14,75,75,82,8,86,28,3,88,23,80,90,71,92,78,30,84,40,85,88,67,A moderate amount,A moderate amount,A moderate amount,Somewhat agree,Somewhat agree,Somewhat agree,Somewhat agree,Somewhat disagree,Neither agree nor disagree,Somewhat disagree,Somewhat disagree,Somewhat disagree,Somewhat disagree,Somewhat disagree,18,Female,,67e2227e08934d79bd1f,FALSE,,yes,
2022/12/10 1:35,2022/12/10 1:46,IP Address,104.28.106.227,100,637,TRUE,2022/12/10 1:46,R_22xi0bpHuJT311g,,,,,25.2633,55.3087,anonymous,EN,I consent; proceed to the study.,Only some of the time,Once a week,1,71,71,60,36,30,New York Times website,69,1,65,32,70,35,71,7,"Red,Green",65,28,60,65,30,42,65,100,70,78,41,68,38,89,42,42,28,59,79,87,92,77,82,34,60,70,74,,,,,,,,,,,,,,,,,,,,,,,,,,,,,,,,,,,,,,,,,,,A moderate amount,A moderate amount,A moderate amount,Strongly agree,Somewhat disagree,Strongly agree,Strongly agree,Strongly disagree,Strongly agree,Strongly agree,Somewhat disagree,Somewhat disagree,Somewhat disagree,Somewhat disagree,18,Female,,0a058acdf2dc6cb448d7,FALSE,,yes,
2022/12/11 9:32,2022/12/11 9:47,IP Address,210.195.158.23,100,876,TRUE,2022/12/11 9:47,R_XFZyeosJraSqlYl,,,,,3.1572,101.6695,anonymous,EN,I consent; proceed to the study.,Only some of the time,Never,3,,,,,,,,,,,,,,,,,,,,,,,,,,,,,,,,,,,,,,,,,,,100,70,100,100,100,"FoxNews.com,NBC.com",60,0,85,61,70,19,83,38,"Red,Green",55,90,35,70,83,32,75,69,100,63,45,100,39,0,72,0,34,31,95,100,28,83,99,50,55,50,52,A little,A moderate amount,A moderate amount,Strongly agree,Somewhat agree,Strongly agree,Strongly agree,Strongly disagree,Somewhat agree,Neither agree nor disagree,Somewhat disagree,Somewhat disagree,Somewhat disagree,Somewhat disagree,19,Female,,eb1281e4a60168a7837a,FALSE,,yes,
2022/12/11 10:08,2022/12/11 10:23,IP Address,104.28.89.81,100,909,TRUE,2022/12/11 10:23,R_urCzhYSGoXpMfPX,,,,,51.5164,-0.093,anonymous,EN,I consent; proceed to the study.,Only some of the time,Once a week,2,,,,,,,,,,,,,,,,,,,,,,,,,,,,,,,,,,,,,,,,,,,90,71,100,80,62,"New York Times website,Google News",65,20,49,10,82,70,39,14,Green,39,61,39,0,100,61,50,72,65,81,50,81,60,50,65,39,19,60,0,70,61,71,40,0,30,36,66,A moderate amount,A moderate amount,A little,Somewhat agree,Somewhat disagree,Somewhat agree,Strongly agree,Strongly disagree,Neither agree nor disagree,Somewhat disagree,Neither agree nor disagree,Somewhat agree,Somewhat agree,Somewhat agree,19,Male,,a9d6b2c548b13f03f5ce,FALSE,,yes,
2022/12/11 15:40,2022/12/11 16:11,IP Address,172.225.10.43,100,1879,TRUE,2022/12/11 16:11,R_3PGqLZOUMX55t8k,,,,,51.5164,-0.093,anonymous,EN,I consent; proceed to the study.,Most of the time,Never,1,75,60,35,80,50,"FoxNews.com,NBC.com",12,60,0,50,50,50,50,50,"Red,Green",29,50,55,50,65,50,51,50,55,60,65,60,65,29,60,50,50,53,40,81,55,50,56,50,50,50,50,,,,,,,,,,,,,,,,,,,,,,,,,,,,,,,,,,,,,,,,,,,A lot,A little,A little,Neither agree nor disagree,Somewhat disagree,Somewhat agree,Somewhat agree,Somewhat disagree,Somewhat agree,Somewhat agree,Neither agree nor disagree,Somewhat disagree,Neither agree nor disagree,Neither agree nor disagree,18,Female,,e34e7dc433658ab895d3,FALSE,,yes,
2022/12/12 3:48,2022/12/12 3:58,IP Address,92.31.55.35,100,543,TRUE,2022/12/12 3:58,R_8vHJpdUulOJjaFP,,,,,50.7469,-1.7544,anonymous,EN,I consent; proceed to the study.,Most of the time,Once a week,2,,,,,,,,,,,,,,,,,,,,,,,,,,,,,,,,,,,,,,,,,,,90,70,82,60,64,Google News,64,68,27,76,63,41,40,28,Green,57,39,62,61,61,35,60,58,62,59,60,60,44,65,61,59,61,65,63,73,67,79,66,65,81,68,66,A moderate amount,A moderate amount,A moderate amount,Somewhat agree,Somewhat agree,Somewhat agree,Neither agree nor disagree,Neither agree nor disagree,Neither agree nor disagree,Somewhat disagree,Somewhat agree,Strongly disagree,Neither agree nor disagree,Somewhat agree,19,Female,,479a5e659d8210e63f2f,FALSE,,yes,
2022/12/6 5:07,2022/12/6 5:07,IP Address,5.151.177.162,7,11,FALSE,2022/12/13 5:07,R_216TUlMASgRVk8t,,,,,,,anonymous,EN,I consent; proceed to the study.,,,,,,,,,,,,,,,,,,,,,,,,,,,,,,,,,,,,,,,,,,,,,,,,,,,,,,,,,,,,,,,,,,,,,,,,,,,,,,,,,,,,,,,,,,,,,,,,,,,,,,,,,36587ef209d55b9bd1e3,TRUE,,yes,
2022/12/6 5:20,2022/12/6 5:21,IP Address,137.205.1.209,7,41,FALSE,2022/12/13 5:21,R_Ojvtct0WjL5eNsR,,,,,,,anonymous,EN,I consent; proceed to the study.,,,,,,,,,,,,,,,,,,,,,,,,,,,,,,,,,,,,,,,,,,,,,,,,,,,,,,,,,,,,,,,,,,,,,,,,,,,,,,,,,,,,,,,,,,,,,,,,,,,,,,,,,4eaa2dc434cf78110d4b,FALSE,,yes,
2022/12/13 5:16,2022/12/13 5:28,IP Address,90.217.197.235,100,721,TRUE,2022/12/13 5:28,R_bf6ZS9SwCob5EIN,,,,,52.7757,-2.0527,anonymous,EN,I consent; proceed to the study.,Almost never,Never,0,,,,,,,,,,,,,,,,,,,,,,,,,,,,,,,,,,,,,,,,,,,97,79,97,67,51,Google News,77,4,72,53,37,61,51,51,"Red,Green",47,50,56,34,50,50,42,78,54,74,49,50,51,34,49,35,36,53,49,55,60,40,55,46,39,34,56,A moderate amount,A moderate amount,A little,Somewhat agree,Somewhat agree,Somewhat agree,Somewhat agree,Neither agree nor disagree,Neither agree nor disagree,Somewhat disagree,Neither agree nor disagree,Somewhat agree,Somewhat agree,Somewhat agree,19,Female,,ca0ffc27c6d0a06b6f90,FALSE,,yes,
2022/12/6 5:52,2022/12/6 6:00,IP Address,137.205.1.223,97,508,FALSE,2022/12/13 6:00,R_3CN0b2zOxm0gAxx,,,,,,,anonymous,EN,I consent; proceed to the study.,Only some of the time,Multiple times a day,2,,,,,,,,,,,,,,,,,,,,,,,,,,,,,,,,,,,,,,,,,,,97,81,100,100,100,"FoxNews.com,NBC.com",71,30,50,56,38,40,62,61,"Red,Green",20,70,0,62,91,42,70,91,96,82,41,86,72,100,9,93,77,74,60,100,86,81,81,87,77,50,72,A lot,A moderate amount,A moderate amount,Somewhat agree,Somewhat agree,Strongly agree,Somewhat agree,Strongly disagree,Neither agree nor disagree,Somewhat disagree,Neither agree nor disagree,Neither agree nor disagree,Neither agree nor disagree,Neither agree nor disagree,19,Female,,b5ca0183bb8934aa3089,FALSE,,yes,
2022/12/6 6:04,2022/12/6 6:13,IP Address,5.151.178.0,54,497,FALSE,2022/12/13 6:13,R_1gvIe0xDm6bRq1s,,,,,,,anonymous,EN,I consent; proceed to the study.,Only some of the time,Once a week,2,50,31,9,,,,,,,,,,,,,,,,,,,,,,,,,,,,,,,,,,,,,,,,,,,,,,,,,,,,,,,,,,,,,,,,,,,,,,,,,,,,,,,,,,,,,,,,,,,,,,,,,,,ef1b2afa7418545e798d,FALSE,,yes,
2022/12/6 5:59,2022/12/6 6:13,IP Address,137.205.1.100,97,857,FALSE,2022/12/13 6:13,R_2VgVGrCSoREhU4s,,,,,,,anonymous,EN,I consent; proceed to the study.,Only some of the time,Never,2,20,76,9,50,0,"FoxNews.com,NBC.com",71,27,59,0,86,57,2,35,"Red,Green",58,40,96,47,85,40,68,97,52,60,55,98,0,83,56,60,7,94,42,76,75,13,100,87,55,27,44,,,,,,,,,,,,,,,,,,,,,,,,,,,,,,,,,,,,,,,,,,,A moderate amount,A lot,A moderate amount,Somewhat disagree,Somewhat disagree,Somewhat disagree,Somewhat agree,Strongly disagree,Somewhat agree,Somewhat agree,Somewhat disagree,Somewhat agree,Neither agree nor disagree,Neither agree nor disagree,19,Female,,077b45d4d3c141b2967f,FALSE,,yes,
2022/12/6 6:14,2022/12/6 6:27,IP Address,137.205.1.135,97,815,FALSE,2022/12/13 6:27,R_1N81CIESYgMs4je,,,,,,,anonymous,EN,I consent; proceed to the study.,Most of the time,Once a day,3,,,,,,,,,,,,,,,,,,,,,,,,,,,,,,,,,,,,,,,,,,,93,87,100,42,77,"New York Times website,Google News,NBC.com",92,86,67,86,88,86,100,95,"Black,Green",68,87,69,18,100,79,78,92,71,76,37,85,55,57,43,38,25,84,69,52,60,24,83,25,46,71,83,A moderate amount,A moderate amount,A little,Strongly agree,Strongly disagree,Somewhat agree,Neither agree nor disagree,Neither agree nor disagree,Somewhat disagree,Neither agree nor disagree,Neither agree nor disagree,Neither agree nor disagree,Neither agree nor disagree,Somewhat agree,18,Male,,708c14f02c5613d7e34c,FALSE,,yes,
2022/12/6 6:13,2022/12/6 6:32,IP Address,5.151.178.0,97,1101,FALSE,2022/12/13 6:32,R_T0FFsOqHONnk8jn,,,,,,,anonymous,EN,I consent; proceed to the study.,Only some of the time,Once a week,2,,20,10,69,0,"FoxNews.com,NBC.com",59,93,0,10,22,18,82,90,"White,Black,Red,Pink,Green,Blue",69,59,74,37,81,66,57,9,10,57,58,88,33,31,59,34,35,50,21,50,62,50,79,69,57,65,66,,,,,,,,,,,,,,,,,,,,,,,,,,,,,,,,,,,,,,,,,,,A little,A moderate amount,A moderate amount,Somewhat agree,Neither agree nor disagree,Strongly agree,Strongly agree,Strongly agree,Somewhat agree,Neither agree nor disagree,Somewhat disagree,Neither agree nor disagree,Somewhat disagree,Strongly disagree,19,Female,,ef1b2afa7418545e798d,FALSE,,yes,
2022/12/6 6:21,2022/12/6 6:37,IP Address,5.151.177.161,10,978,FALSE,2022/12/13 6:37,R_XNTOHaG7j8BqiPv,,,,,,,anonymous,EN,I consent; proceed to the study.,Only some of the time,3-4 times a week,2,,,,,,,,,,,,,,,,,,,,,,,,,,,,,,,,,,,,,,,,,,,,,,,,,,,,,,,,,,,,,,,,,,,,,,,,,,,,,,,,,,,,,,,,,,,,,,,,,,,,,,36587ef209d55b9bd1e3,TRUE,,yes,
2022/12/6 8:23,2022/12/6 8:36,IP Address,137.205.1.211,97,798,FALSE,2022/12/13 8:36,R_sqeiSfrmd8HFBy9,,,,,,,anonymous,EN,I consent; proceed to the study.,Only some of the time,Once a week,3,65,20,70,45,0,"FoxNews.com,NBC.com",55,45,10,20,60,65,50,65,"Red,Green",68,30,70,35,80,90,85,75,65,40,86,90,65,30,90,75,55,85,81,86,65,35,65,70,40,70,35,,,,,,,,,,,,,,,,,,,,,,,,,,,,,,,,,,,,,,,,,,,A moderate amount,A moderate amount,A little,Somewhat disagree,Somewhat disagree,Somewhat agree,Strongly agree,Strongly disagree,Somewhat agree,Somewhat agree,Somewhat agree,Somewhat disagree,Somewhat agree,Somewhat agree,19,Female,,e337afc0d0cddc42e085,FALSE,,yes,
2022/12/6 8:48,2022/12/6 8:49,IP Address,104.28.40.154,7,9,FALSE,2022/12/13 8:49,R_1QbVkht4VXASCnK,,,,,,,anonymous,EN,I consent; proceed to the study.,,,,,,,,,,,,,,,,,,,,,,,,,,,,,,,,,,,,,,,,,,,,,,,,,,,,,,,,,,,,,,,,,,,,,,,,,,,,,,,,,,,,,,,,,,,,,,,,,,,,,,,,,df5cc865a323684ff02c,FALSE,,yes,
2022/12/6 12:24,2022/12/6 12:25,IP Address,109.175.226.163,7,57,FALSE,2022/12/13 12:25,R_2urE4XZNsqebKrN,,,,,,,anonymous,EN,I consent; proceed to the study.,,,,,,,,,,,,,,,,,,,,,,,,,,,,,,,,,,,,,,,,,,,,,,,,,,,,,,,,,,,,,,,,,,,,,,,,,,,,,,,,,,,,,,,,,,,,,,,,,,,,,,,,,70b89641ae80752f209d,FALSE,,yes,
2022/12/6 13:23,2022/12/6 13:30,IP Address,137.205.1.26,64,416,FALSE,2022/12/13 13:30,R_2OZICqh7iyFgjIJ,,,,,,,anonymous,EN,I consent; proceed to the study.,Only some of the time,3-4 times a week,2,60,60,30,65,9,"FoxNews.com,NBC.com",60,70,10,40,50,40,50,50,,,,,,,,,,,,,,,,,,,,,,,,,,,,,,,,,,,,,,,,,,,,,,,,,,,,,,,,,,,,,,,,,,,,,,,,,,,,,,,,,,,,,,,,687ae8dad37d9a76a298,FALSE,,yes,
2022/12/6 13:30,2022/12/6 13:31,IP Address,137.205.1.26,10,23,FALSE,2022/12/13 13:31,R_8B8dM6tMCmtzK1j,,,,,,,anonymous,EN,I consent; proceed to the study.,Only some of the time,Never,2,,,,,,,,,,,,,,,,,,,,,,,,,,,,,,,,,,,,,,,,,,,,,,,,,,,,,,,,,,,,,,,,,,,,,,,,,,,,,,,,,,,,,,,,,,,,,,,,,,,,,,687ae8dad37d9a76a298,FALSE,,yes,
2022/12/6 14:28,2022/12/6 14:36,IP Address,137.205.1.119,79,432,FALSE,2022/12/13 14:36,R_3haLYULwHxyuhem,,,,,,,anonymous,EN,I consent; proceed to the study.,Only some of the time,Never,2,60,50,60,80,20,Google News,60,90,40,20,41,50,50,50,"Red,Green",0,70,50,20,50,50,39,19,60,69,60,81,0,19,,,,,,,,,,,,,,,,,,,,,,,,,,,,,,,,,,,,,,,,,,,,,,,,,,,,,,,,,,,,,,,,,,,,,,,,,def31caeaa187afbd1cb,FALSE,,yes,
2022/12/6 14:36,2022/12/6 14:36,IP Address,137.205.1.119,7,4,FALSE,2022/12/13 14:36,R_2AY9wYwSdPayIPZ,,,,,,,anonymous,EN,I consent; proceed to the study.,,,,,,,,,,,,,,,,,,,,,,,,,,,,,,,,,,,,,,,,,,,,,,,,,,,,,,,,,,,,,,,,,,,,,,,,,,,,,,,,,,,,,,,,,,,,,,,,,,,,,,,,,def31caeaa187afbd1cb,FALSE,,yes,
2022/12/6 17:05,2022/12/6 17:30,IP Address,137.205.1.44,97,1469,FALSE,2022/12/13 17:30,R_22Votjdi2OCN9By,,,,,,,anonymous,EN,I consent; proceed to the study.,Only some of the time,Once a week,1,,,,,,,,,,,,,,,,,,,,,,,,,,,,,,,,,,,,,,,,,,,60,86,90,100,95,"FoxNews.com,NBC.com",84,50,41,45,66,17,60,11,"Red,Green",78,44,50,27,65,60,50,68,0,26,29,80,53,60,50,58,68,69,50,88,57,0,50,50,50,50,63,A lot,A little,A little,Somewhat disagree,Somewhat disagree,Strongly agree,Somewhat agree,Somewhat disagree,Somewhat agree,Somewhat disagree,Somewhat agree,Strongly agree,Somewhat agree,Neither agree nor disagree,18,Female,,a4919c2672417380a2b1,FALSE,,yes,
2022/12/14 3:35,2022/12/14 3:52,IP Address,104.28.30.148,100,1040,TRUE,2022/12/14 3:52,R_1j6ruPP3zjfCSZz,,,,,51.5164,-0.093,anonymous,EN,I consent; proceed to the study.,Only some of the time,3-4 times a week,1,0,10,0,100,20,New York Times website,50,100,10,0,5,0,0,80,Black,50,50,50,50,100,50,100,50,70,50,0,100,0,50,50,80,50,30,10,90,0,85,10,50,50,50,70,,,,,,,,,,,,,,,,,,,,,,,,,,,,,,,,,,,,,,,,,,,A moderate amount,A moderate amount,A little,Somewhat agree,Somewhat agree,Strongly agree,Neither agree nor disagree,Strongly disagree,Neither agree nor disagree,Somewhat agree,Somewhat disagree,Neither agree nor disagree,Neither agree nor disagree,Neither agree nor disagree,18,Male,,84d7aea9ec42b145a73a,FALSE,,yes,
2022/12/7 5:24,2022/12/7 5:43,IP Address,137.205.1.253,97,1154,FALSE,2022/12/14 5:43,R_2E1efJVoOFrgDoL,,,,,,,anonymous,EN,I consent; proceed to the study.,Only some of the time,Never,2,,,,,,,,,,,,,,,,,,,,,,,,,,,,,,,,,,,,,,,,,,,73,79,93,61,50,"FoxNews.com,NBC.com",58,29,66,84,80,25,19,50,Green,50,50,60,74,50,59,60,55,60,71,67,68,60,32,70,60,62,60,37,61,72,40,66,65,40,51,71,A lot,A moderate amount,A little,Somewhat agree,Neither agree nor disagree,Strongly agree,Somewhat agree,Somewhat disagree,Somewhat agree,Neither agree nor disagree,Somewhat agree,Neither agree nor disagree,Neither agree nor disagree,Somewhat agree,18,Female,,e09bf8c544ce5fb9f2af,FALSE,,yes,
2022/12/14 9:27,2022/12/14 9:37,IP Address,140.248.40.49,100,593,TRUE,2022/12/14 9:37,R_11hkLQyZlFsQSgi,,,,,56.0711,-3.7696,anonymous,EN,I consent; proceed to the study.,Most of the time,Never,2,51,19,15,69,28,"FoxNews.com,NBC.com",72,82,27,35,76,16,78,23,"Red,Green",4,75,65,19,74,11,38,82,82,80,75,100,34,17,74,62,24,72,28,75,75,22,80,70,65,22,71,,,,,,,,,,,,,,,,,,,,,,,,,,,,,,,,,,,,,,,,,,,A little,A moderate amount,A moderate amount,Strongly agree,Strongly agree,Somewhat agree,Strongly agree,Somewhat disagree,Somewhat agree,Somewhat agree,Neither agree nor disagree,Somewhat agree,Somewhat agree,Somewhat agree,18,Female,,98be7b17e491b44919be,FALSE,,yes,
2022/12/14 9:21,2022/12/14 10:13,IP Address,51.187.86.77,100,3113,TRUE,2022/12/14 10:13,R_3KSKLfOtzyqSM2R,,,,,51.5598,-0.0096,anonymous,EN,I consent; proceed to the study.,Most of the time,Once a week,4,,,,,,,,,,,,,,,,,,,,,,,,,,,,,,,,,,,,,,,,,,,100,76,100,92,70,CNN.com,70,10,100,86,50,20,51,50,"Red,Green",60,65,50,20,56,50,50,75,70,82,70,50,91,5,96,79,10,10,100,45,26,50,50,50,50,50,66,A moderate amount,A little,A moderate amount,Neither agree nor disagree,Somewhat disagree,Neither agree nor disagree,Somewhat disagree,Somewhat disagree,Neither agree nor disagree,Somewhat disagree,Neither agree nor disagree,Neither agree nor disagree,Neither agree nor disagree,Somewhat agree,19,Female,,2daba16f8d6b4209f03e,FALSE,,yes,
2022/12/14 14:02,2022/12/14 14:18,IP Address,86.13.109.174,100,951,TRUE,2022/12/14 14:18,R_3hlj10ZCBqiQEEl,,,,,51.6552,-0.3879,anonymous,EN,I consent; proceed to the study.,Only some of the time,Once a week,3,74,30,35,74,69,Google News,45,45,58,26,30,69,47,46,Blue,74,39,60,58,67,65,60,37,60,67,55,37,66,68,62,64,46,75,56,100,60,42,82,44,65,72,77,,,,,,,,,,,,,,,,,,,,,,,,,,,,,,,,,,,,,,,,,,,A moderate amount,A moderate amount,A moderate amount,Somewhat agree,Somewhat agree,Somewhat agree,Neither agree nor disagree,Somewhat disagree,Somewhat agree,Neither agree nor disagree,Somewhat disagree,Somewhat disagree,Strongly disagree,Neither agree nor disagree,18,Female,,8366d0a3f4769ec3c00f,FALSE,,yes,
2022/12/7 16:30,2022/12/7 16:40,IP Address,137.205.16.158,97,619,FALSE,2022/12/14 16:40,R_2Y9sVg7bnA48S5r,,,,,,,anonymous,EN,I consent; proceed to the study.,Only some of the time,Never,3,12,36,20,80,0,"FoxNews.com,NBC.com",30,75,50,70,75,54,90,60,"Red,Green",63,73,48,60,63,73,67,83,65,57,69,90,26,25,92,57,56,78,90,91,90,66,62,9,73,67,25,,,,,,,,,,,,,,,,,,,,,,,,,,,,,,,,,,,,,,,,,,,A lot,A little,A moderate amount,Somewhat agree,Somewhat agree,Somewhat agree,Strongly agree,Strongly disagree,Neither agree nor disagree,Somewhat disagree,Somewhat agree,Neither agree nor disagree,Somewhat agree,Somewhat agree,18,Female,,4eaa2dc434cf78110d4b,FALSE,,yes,
2022/12/15 5:37,2022/12/15 5:52,IP Address,49.36.96.58,100,890,TRUE,2022/12/15 5:52,R_eYdDe3xaYdwtLhL,,,,,19.0748,72.8856,anonymous,EN,I consent; proceed to the study.,Most of the time,Never,0,,,,,,,,,,,,,,,,,,,,,,,,,,,,,,,,,,,,,,,,,,,93,48,50,52,75,"FoxNews.com,NBC.com",50,19,58,32,34,43,37,22,"Red,Green",50,60,38,39,70,46,56,81,41,82,71,38,73,17,50,40,14,74,84,100,50,71,60,74,50,40,57,A lot,A moderate amount,A moderate amount,Somewhat disagree,Somewhat disagree,Somewhat agree,Strongly agree,Strongly disagree,Strongly agree,Neither agree nor disagree,Neither agree nor disagree,Neither agree nor disagree,Somewhat disagree,Neither agree nor disagree,18,Female,,ea5d2545c0d0b74d7b2b,FALSE,,yes,
2022/12/15 6:32,2022/12/15 6:50,IP Address,140.248.40.25,100,1047,TRUE,2022/12/15 6:50,R_3jVbEruv3EWPeYe,,,,,51.5329,-0.005,anonymous,EN,I consent; proceed to the study.,Almost never,Never,3,75,59,83,9,44,"FoxNews.com,NBC.com",76,96,35,19,77,73,35,50,"Red,Green",79,74,40,27,86,65,24,94,75,83,87,100,28,2,73,81,6,70,66,76,80,7,50,31,2,76,24,,,,,,,,,,,,,,,,,,,,,,,,,,,,,,,,,,,,,,,,,,,A moderate amount,A little,A little,Somewhat agree,Somewhat agree,Somewhat agree,Strongly agree,Somewhat disagree,Somewhat disagree,Neither agree nor disagree,Somewhat agree,Neither agree nor disagree,Somewhat agree,Somewhat agree,18,Female,,30a19ba1738238f34cf9,FALSE,,yes,
2022/12/15 6:35,2022/12/15 6:52,IP Address,146.75.174.12,100,1031,TRUE,2022/12/15 6:52,R_3qaQJPCYNvxaY4e,,,,,51.5428,-0.1978,anonymous,EN,I consent; proceed to the study.,Only some of the time,Never,2,,,,,,,,,,,,,,,,,,,,,,,,,,,,,,,,,,,,,,,,,,,85,49,91,82,88,"FoxNews.com,NBC.com",76,21,100,53,42,35,49,52,"Red,Green",58,59,52,51,45,51,52,50,51,70,62,72,51,42,87,72,49,55,45,79,66,46,62,50,43,58,64,A lot,A little,A little,Somewhat disagree,Somewhat disagree,Neither agree nor disagree,Strongly agree,Somewhat disagree,Strongly agree,Neither agree nor disagree,Neither agree nor disagree,Neither agree nor disagree,Somewhat agree,Neither agree nor disagree,18,Male,,0866de209f19bcae81dd,FALSE,,yes,
2022/12/15 7:42,2022/12/15 8:19,IP Address,104.28.89.74,100,2177,TRUE,2022/12/15 8:19,R_2QM8RIuVseLJLuN,,,,,51.5164,-0.093,anonymous,EN,I consent; proceed to the study.,Only some of the time,Never,2,20,65,48,85,31,New York Times website,75,95,25,20,75,9,31,61,Red,35,15,60,30,80,70,50,76,72,95,95,96,77,36,93,76,80,75,34,100,35,85,94,85,75,76,77,,,,,,,,,,,,,,,,,,,,,,,,,,,,,,,,,,,,,,,,,,,A great deal,A little,A little,Strongly agree,Somewhat agree,Strongly agree,Strongly agree,Somewhat disagree,Somewhat agree,Strongly agree,Somewhat disagree,Strongly disagree,Neither agree nor disagree,Somewhat disagree,18,Female,,b6ddeebe5ffc1000fbd0,FALSE,,yes,
2022/12/15 8:03,2022/12/15 8:21,IP Address,86.140.191.162,100,1063,TRUE,2022/12/15 8:21,R_21A08CAxjBzcu5y,,,,,51.8613,-0.4656,anonymous,EN,I consent; proceed to the study.,Only some of the time,3-4 times a week,2,60,60,72,29,0,New York Times website,8,9,8,40,61,51,0,61,"Red,Green",57,7,55,0,8,65,60,82,59,91,51,91,0,58,71,82,29,91,41,71,40,0,92,94,39,62,81,,,,,,,,,,,,,,,,,,,,,,,,,,,,,,,,,,,,,,,,,,,A lot,A moderate amount,A little,Somewhat agree,Somewhat agree,Somewhat agree,Strongly agree,Strongly disagree,Strongly agree,Somewhat agree,Neither agree nor disagree,Somewhat disagree,Somewhat disagree,Neither agree nor disagree,18,Female,,4ed7a0041a29b9f2b02b,FALSE,,yes,
2022/12/15 8:18,2022/12/15 8:33,IP Address,86.22.12.148,100,919,TRUE,2022/12/15 8:33,R_73AMMrQ4KYisEzD,,,,,52.6049,-1.1488,anonymous,EN,I consent; proceed to the study.,Most of the time,Once a week,3,,,,,,,,,,,,,,,,,,,,,,,,,,,,,,,,,,,,,,,,,,,70,72,90,50,60,"FoxNews.com,NBC.com",70,10,80,60,20,50,65,45,"Red,Green",35,45,65,65,40,52,40,75,60,45,55,60,71,10,81,45,10,55,60,80,70,70,70,55,60,55,60,A lot,A moderate amount,A little,Somewhat disagree,Somewhat disagree,Somewhat disagree,Somewhat agree,Strongly disagree,Somewhat agree,Somewhat agree,Somewhat disagree,Somewhat disagree,Somewhat disagree,Somewhat agree,19,Female,,ea91866b8921f784ba44,FALSE,,yes,
2022/12/15 8:29,2022/12/15 9:01,IP Address,112.119.176.73,100,1910,TRUE,2022/12/15 9:01,R_2QX4Ick3oVmITne,,,,,22.2908,114.1501,anonymous,EN,I consent; proceed to the study.,Only some of the time,Once a week,3,,,,,,,,,,,,,,,,,,,,,,,,,,,,,,,,,,,,,,,,,,,83,55,94,85,68,"FoxNews.com,NBC.com",81,61,26,85,50,26,9,35,"Red,Green",40,50,64,38,42,50,63,75,69,84,56,63,30,64,60,53,26,38,62,85,50,25,60,56,28,50,71,A great deal,A little,A little,Somewhat agree,Somewhat agree,Strongly agree,Somewhat agree,Strongly disagree,Neither agree nor disagree,Somewhat agree,Somewhat agree,Strongly disagree,Neither agree nor disagree,Somewhat agree,18,Female,,33502c54784e8dc3f046,FALSE,,yes,
2022/12/15 8:49,2022/12/15 9:09,IP Address,94.3.58.253,100,1159,TRUE,2022/12/15 9:09,R_RwTfri98wCzHuAV,,,,,51.5212,-0.2197,anonymous,EN,I consent; proceed to the study.,Only some of the time,Never,2,61,85,67,36,58,"FoxNews.com,NBC.com",40,85,0,51,59,29,0,10,"Red,Green",24,61,2,1,56,27,64,71,95,66,68,72,51,0,99,57,35,27,76,100,20,88,81,89,16,37,10,,,,,,,,,,,,,,,,,,,,,,,,,,,,,,,,,,,,,,,,,,,A moderate amount,A little,None at all,Somewhat agree,Somewhat agree,Strongly agree,Strongly agree,Strongly disagree,Somewhat agree,Somewhat disagree,Somewhat disagree,Somewhat agree,Somewhat agree,Somewhat agree,18,Female,,c9a9d80a31d087deebe5,FALSE,,yes,
2022/12/15 9:02,2022/12/15 9:16,IP Address,104.28.66.131,100,830,TRUE,2022/12/15 9:16,R_2CoWedvjI0C47AU,,,,,22.2908,114.1501,anonymous,EN,I consent; proceed to the study.,Only some of the time,Once a week,2,83,31,58,51,6,"FoxNews.com,NBC.com",23,42,35,24,50,36,61,34,"Red,Green",75,62,33,55,64,45,62,75,44,89,79,97,57,53,74,66,39,50,84,90,45,21,73,32,40,48,29,,,,,,,,,,,,,,,,,,,,,,,,,,,,,,,,,,,,,,,,,,,A moderate amount,A little,A little,Strongly agree,Strongly agree,Strongly agree,Strongly agree,Strongly disagree,Somewhat agree,Neither agree nor disagree,Somewhat disagree,Somewhat disagree,Somewhat disagree,Somewhat disagree,19,Female,,cf898b2ac0b6f90477e0,FALSE,,yes,
2022/12/15 10:35,2022/12/15 10:57,IP Address,86.20.168.26,100,1327,TRUE,2022/12/15 10:57,R_2YG4qFWtAIWHGkJ,,,,,51.6001,-0.2617,anonymous,EN,I consent; proceed to the study.,Only some of the time,Once a week,2,,,,,,,,,,,,,,,,,,,,,,,,,,,,,,,,,,,,,,,,,,,80,71,98,94,81,"FoxNews.com,NBC.com",72,32,67,80,50,71,45,73,"Red,Green",71,62,44,44,72,50,66,68,72,84,73,81,35,44,50,66,35,75,70,88,68,61,50,51,64,58,50,A moderate amount,A little,A little,Somewhat disagree,Somewhat disagree,Strongly disagree,Strongly agree,Strongly disagree,Somewhat agree,Strongly agree,Neither agree nor disagree,Strongly disagree,Somewhat agree,Neither agree nor disagree,18,Non-binary / third gender,,31cb03d838ef31ddc42f,FALSE,,yes,
2022/12/15 13:26,2022/12/15 14:02,IP Address,172.224.249.0,100,2110,TRUE,2022/12/15 14:02,R_2t0givM1MQwxI1M,,,,,41.0011,28.9675,anonymous,EN,I consent; proceed to the study.,Only some of the time,Once a week,3,70,30,21,85,0,"FoxNews.com,NBC.com",12,33,36,17,51,9,68,50,"Red,Green",55,70,22,28,100,83,79,84,90,52,90,95,81,46,81,83,27,100,41,100,100,33,75,92,95,51,80,,,,,,,,,,,,,,,,,,,,,,,,,,,,,,,,,,,,,,,,,,,A little,A little,A little,Somewhat agree,Strongly agree,Strongly agree,Strongly agree,Strongly disagree,Somewhat disagree,Somewhat agree,Neither agree nor disagree,Strongly disagree,Somewhat disagree,Somewhat disagree,18,Female,,8211294ce62ad12405b8,FALSE,,yes,
2022/12/15 13:41,2022/12/15 14:05,IP Address,104.28.89.77,100,1456,TRUE,2022/12/15 14:05,R_2QWzE0VINY6ZF1C,,,,,51.5164,-0.093,anonymous,EN,I consent; proceed to the study.,Most of the time,Once a week,2,,,,,,,,,,,,,,,,,,,,,,,,,,,,,,,,,,,,,,,,,,,55,62,83,67,40,Google News,31,19,61,71,0,61,81,40,"Red,Green",61,61,62,40,71,50,61,71,60,71,92,71,29,60,60,81,0,82,20,71,30,72,61,40,41,40,61,A little,A little,A little,Neither agree nor disagree,Somewhat agree,Somewhat agree,Neither agree nor disagree,Somewhat disagree,Neither agree nor disagree,Neither agree nor disagree,Neither agree nor disagree,Neither agree nor disagree,Somewhat agree,Somewhat disagree,18,Female,,f32f629656126b6e3500,FALSE,,yes,
2022/12/15 13:45,2022/12/15 14:08,IP Address,104.28.248.75,100,1422,TRUE,2022/12/15 14:08,R_1QXJk1daa4VudUt,,,,,52.4606,-1.9238,anonymous,EN,I consent; proceed to the study.,Only some of the time,Never,3,65,60,15,75,50,Google News,45,10,50,25,90,5,0,50,"Red,Green",70,40,50,50,100,25,0,75,30,0,85,90,50,25,55,75,10,50,0,65,60,5,70,30,55,80,55,,,,,,,,,,,,,,,,,,,,,,,,,,,,,,,,,,,,,,,,,,,A little,A little,A little,Somewhat agree,Somewhat agree,Somewhat agree,Strongly agree,Neither agree nor disagree,Neither agree nor disagree,Strongly agree,Strongly agree,Strongly disagree,Somewhat disagree,Somewhat disagree,18,Female,,dbe5fd4c4eab9d544b9f,FALSE,,yes,
2022/12/15 14:46,2022/12/15 14:59,IP Address,86.136.31.111,100,776,TRUE,2022/12/15 14:59,R_3F3U4mLSlT5fbzv,,,,,52.4099,-1.8141,anonymous,EN,I consent; proceed to the study.,Only some of the time,Never,2,,,,,,,,,,,,,,,,,,,,,,,,,,,,,,,,,,,,,,,,,,,82,76,85,84,80,"FoxNews.com,NBC.com",64,31,100,73,85,73,56,48,"Red,Green",76,64,63,79,53,72,74,78,63,80,68,78,55,67,40,60,66,72,51,79,51,77,71,68,51,17,63,A moderate amount,A little,A little,Somewhat agree,Somewhat disagree,Neither agree nor disagree,Somewhat agree,Somewhat disagree,Neither agree nor disagree,Somewhat disagree,Somewhat agree,Somewhat disagree,Somewhat disagree,Neither agree nor disagree,19,Female,,896307255b9cfba03088,FALSE,,yes,
2022/12/15 15:37,2022/12/15 15:45,IP Address,104.28.40.142,100,464,TRUE,2022/12/15 15:45,R_3Ryj9LLNoHoAOnb,,,,,51.5164,-0.093,anonymous,EN,I consent; proceed to the study.,Most of the time,Never,3,,,,,,,,,,,,,,,,,,,,,,,,,,,,,,,,,,,,,,,,,,,76,95,75,95,85,"FoxNews.com,NBC.com",71,24,100,83,79,43,62,44,"Red,Green",60,69,60,50,57,75,90,74,82,78,68,76,46,50,88,78,70,94,87,73,75,68,67,50,33,50,91,A little,A moderate amount,A moderate amount,Somewhat agree,Somewhat agree,Somewhat agree,Strongly agree,Somewhat disagree,Strongly agree,Somewhat agree,Neither agree nor disagree,Somewhat disagree,Somewhat disagree,Neither agree nor disagree,18,Female,,1112acd0a2b2c3c405a4,FALSE,,yes,
2022/12/15 16:47,2022/12/15 17:03,IP Address,90.220.194.149,100,949,TRUE,2022/12/15 17:03,R_DAHyzHFFkhdbHkB,,,,,51.358,-0.8521,anonymous,EN,I consent; proceed to the study.,Only some of the time,Never,2,65,75,40,20,20,"FoxNews.com,NBC.com",50,65,60,45,70,50,40,55,"Red,Green",80,70,75,35,75,60,70,80,70,85,80,80,75,65,70,75,35,70,80,95,40,85,74,40,70,40,76,,,,,,,,,,,,,,,,,,,,,,,,,,,,,,,,,,,,,,,,,,,A moderate amount,A little,A little,Somewhat agree,Somewhat agree,Somewhat agree,Strongly agree,Strongly disagree,Somewhat agree,Somewhat agree,Somewhat agree,Somewhat disagree,Somewhat agree,Neither agree nor disagree,18,Female,,ea74058bfbcb16cc84bc,FALSE,,yes,
2022/12/15 16:41,2022/12/15 17:14,IP Address,137.205.1.197,100,1944,TRUE,2022/12/15 17:14,R_3fkLng1PL4kPlMK,,,,,52.382,-1.5874,anonymous,EN,I consent; proceed to the study.,Only some of the time,Never,3,69,50,4,81,34,"FoxNews.com,NBC.com",32,29,49,51,75,26,75,51,"Red,Green",51,63,51,51,58,52,50,51,30,26,51,94,35,94,61,87,32,83,70,73,51,30,51,27,77,78,76,,,,,,,,,,,,,,,,,,,,,,,,,,,,,,,,,,,,,,,,,,,A lot,A moderate amount,A little,Strongly agree,Somewhat agree,Somewhat agree,Strongly agree,Strongly disagree,Somewhat agree,Somewhat agree,Neither agree nor disagree,Neither agree nor disagree,Somewhat agree,Somewhat agree,18,Female,,9379a5e8e0590448eeeb,FALSE,,yes,
2022/12/16 6:28,2022/12/16 6:52,IP Address,92.237.51.1,100,1414,TRUE,2022/12/16 6:52,R_2qgzqtJzVOouwfC,,,,,51.6001,-0.2617,anonymous,EN,I consent; proceed to the study.,Most of the time,Once a week,2,40,60,30,60,40,"FoxNews.com,NBC.com",50,40,60,50,60,60,40,30,"Red,Green",61,30,60,40,70,60,40,80,60,80,70,70,60,40,40,70,40,60,50,80,60,70,70,70,40,60,70,,,,,,,,,,,,,,,,,,,,,,,,,,,,,,,,,,,,,,,,,,,A lot,A moderate amount,A little,Somewhat agree,Neither agree nor disagree,Somewhat agree,Somewhat agree,Strongly disagree,Somewhat agree,Neither agree nor disagree,Neither agree nor disagree,Somewhat disagree,Somewhat disagree,Neither agree nor disagree,18,Female,,55cc84d52c6ddbfd252a,FALSE,,yes,
2022/12/16 7:44,2022/12/16 7:57,IP Address,92.40.168.90,100,771,TRUE,2022/12/16 7:57,R_1E4IGSqJY9Uc7WI,,,,,51.4781,-0.0279,anonymous,EN,I consent; proceed to the study.,Only some of the time,Never,1,,,,,,,,,,,,,,,,,,,,,,,,,,,,,,,,,,,,,,,,,,,97,60,97,58,41,"FoxNews.com,NBC.com",80,29,62,69,58,46,59,12,"Red,Green",31,50,29,50,60,45,30,60,61,71,39,40,39,55,61,71,76,71,48,91,61,24,50,71,9,40,19,A moderate amount,A moderate amount,A lot,Somewhat disagree,Neither agree nor disagree,Strongly agree,Neither agree nor disagree,Strongly disagree,Neither agree nor disagree,Strongly disagree,Somewhat disagree,Neither agree nor disagree,Somewhat disagree,Somewhat disagree,18,Female,,b60e770b752ef30a2b41,FALSE,,yes,
2022/12/16 7:58,2022/12/16 8:04,IP Address,172.225.176.233,100,372,TRUE,2022/12/16 8:04,R_3EWrvGCTljlkdjE,,,,,51.5074,-0.1196,anonymous,EN,I consent; proceed to the study.,Only some of the time,Never,2,,,,,,,,,,,,,,,,,,,,,,,,,,,,,,,,,,,,,,,,,,,90,91,83,80,85,"FoxNews.com,NBC.com",73,8,84,16,91,6,18,88,"Red,Green",21,71,73,46,32,16,79,92,71,92,86,84,76,6,79,21,12,85,21,62,65,73,88,61,64,60,69,A little,A moderate amount,A moderate amount,Somewhat agree,Somewhat agree,Somewhat disagree,Strongly agree,Somewhat disagree,Somewhat agree,Somewhat disagree,Somewhat disagree,Somewhat disagree,Somewhat disagree,Neither agree nor disagree,19,Female,,df8962b13ed809ec1013,FALSE,,yes,
2022/12/16 8:13,2022/12/16 8:28,IP Address,172.226.114.3,100,904,TRUE,2022/12/16 8:28,R_dgqrKYNBmIm13Ud,,,,,51.5164,-0.093,anonymous,EN,I consent; proceed to the study.,Only some of the time,Never,1,73,33,40,71,79,"FoxNews.com,NBC.com",76,95,2,28,67,62,21,8,"Red,Green",48,31,62,19,81,32,57,24,64,37,83,93,59,37,84,33,10,60,64,96,59,89,42,42,64,44,63,,,,,,,,,,,,,,,,,,,,,,,,,,,,,,,,,,,,,,,,,,,A lot,A little,A little,Strongly disagree,Strongly disagree,Neither agree nor disagree,Somewhat disagree,Strongly disagree,Somewhat agree,Somewhat agree,Somewhat disagree,Neither agree nor disagree,Neither agree nor disagree,Somewhat agree,18,Female,,8c6a042f76752db3bfa5,FALSE,,yes,
2022/12/16 8:59,2022/12/16 9:09,IP Address,5.198.122.167,100,610,TRUE,2022/12/16 9:09,R_el1YgrdWV1SVeHD,,,,,53.7606,-0.3734,anonymous,EN,I consent; proceed to the study.,Only some of the time,Never,3,,,,,,,,,,,,,,,,,,,,,,,,,,,,,,,,,,,,,,,,,,,0,70,95,72,35,"FoxNews.com,NBC.com",77,0,96,88,71,50,65,10,"Red,Green",58,77,71,57,43,51,68,45,55,91,71,68,26,29,75,20,67,70,99,98,68,85,78,36,27,60,25,A great deal,A little,None at all,Somewhat agree,Somewhat agree,Strongly agree,Strongly agree,Somewhat disagree,Neither agree nor disagree,Neither agree nor disagree,Somewhat agree,Somewhat disagree,Strongly agree,Strongly agree,18,Female,,eefff170b9e8f613c296,FALSE,,yes,
2022/12/15 18:21,2022/12/16 9:51,IP Address,172.225.176.227,100,55812,TRUE,2022/12/16 9:51,R_dm926Unm8hCqqvD,,,,,52.0884,-0.7239,anonymous,EN,I consent; proceed to the study.,Only some of the time,Never,2,,,,,,,,,,,,,,,,,,,,,,,,,,,,,,,,,,,,,,,,,,,65,35,85,75,70,"FoxNews.com,NBC.com",35,51,20,55,50,76,81,47,"Red,Green",86,76,73,50,91,91,66,90,83,59,53,80,50,87,55,75,35,70,35,35,65,45,50,65,50,77,65,A moderate amount,A little,A little,Somewhat agree,Somewhat agree,Somewhat agree,Strongly agree,Somewhat agree,Neither agree nor disagree,Neither agree nor disagree,Somewhat agree,Neither agree nor disagree,Somewhat agree,Somewhat agree,18,Female,,018798f4797966cb3089,FALSE,,yes,
2022/12/16 11:04,2022/12/16 11:28,IP Address,80.7.45.108,100,1468,TRUE,2022/12/16 11:28,R_Q0sbTt31rY02FOh,,,,,51.2105,-1.5001,anonymous,EN,I consent; proceed to the study.,Almost never,Once a week,3,20,76,39,40,30,"FoxNews.com,NBC.com",61,60,30,20,70,71,29,9,Green,8,61,72,75,39,30,62,29,60,61,71,72,60,20,90,61,18,61,62,61,81,70,73,80,82,19,18,,,,,,,,,,,,,,,,,,,,,,,,,,,,,,,,,,,,,,,,,,,A lot,A moderate amount,A little,Strongly disagree,Somewhat disagree,Somewhat agree,Strongly agree,Strongly disagree,Neither agree nor disagree,Strongly disagree,Somewhat agree,Strongly disagree,Somewhat agree,Somewhat agree,20,Female,,52c966a05896560e53ed,FALSE,,yes,
2022/12/16 11:39,2022/12/16 11:52,IP Address,81.99.21.130,100,769,TRUE,2022/12/16 11:52,R_2DOM0O9ays0TRG0,,,,,52.4391,-1.5039,anonymous,EN,I consent; proceed to the study.,Only some of the time,Never,4,35,40,29,80,40,Google News,50,80,20,40,70,20,30,20,Green,10,30,40,19,79,61,41,74,69,92,92,88,39,40,68,59,30,21,20,80,69,100,10,19,12,62,69,,,,,,,,,,,,,,,,,,,,,,,,,,,,,,,,,,,,,,,,,,,A great deal,A little,A little,Somewhat agree,Somewhat agree,Strongly agree,Strongly agree,Somewhat disagree,Neither agree nor disagree,Neither agree nor disagree,Neither agree nor disagree,Somewhat agree,Somewhat agree,Somewhat agree,18,Non-binary / third gender,,271fa338eff1ad256cb3,FALSE,,yes,
2022/12/16 12:48,2022/12/16 13:16,IP Address,92.41.237.140,100,1687,TRUE,2022/12/16 13:16,R_BFGTwy0LPhHpglz,,,,,51.5329,-0.005,anonymous,EN,I consent; proceed to the study.,Only some of the time,Never,3,,,,,,,,,,,,,,,,,,,,,,,,,,,,,,,,,,,,,,,,,,,70,40,90,60,65,Google News,60,35,70,70,70,60,29,16,"Red,Green",30,71,52,29,76,68,70,36,67,75,68,60,20,73,69,71,28,78,68,73,75,39,70,29,29,26,69,A moderate amount,A moderate amount,A moderate amount,Strongly agree,Strongly agree,Strongly agree,Strongly agree,Strongly disagree,Strongly agree,Somewhat disagree,Strongly disagree,Strongly disagree,Somewhat agree,Somewhat agree,19,Female,,7ae8e06e4ce5ea5fbcc9,FALSE,,yes,
2022/12/16 13:57,2022/12/16 14:22,IP Address,31.53.73.168,100,1494,TRUE,2022/12/16 14:22,R_SBtARni8M8vdivL,,,,,51.5043,-0.2211,anonymous,EN,I consent; proceed to the study.,Only some of the time,Once a week,2,10,70,30,30,30,FoxNews.com,70,20,70,30,70,70,30,30,"Red,Green",70,30,70,70,70,30,70,70,70,70,70,80,30,70,30,30,30,30,30,30,70,30,71,30,30,30,70,,,,,,,,,,,,,,,,,,,,,,,,,,,,,,,,,,,,,,,,,,,A little,A moderate amount,A moderate amount,Somewhat agree,Somewhat agree,Somewhat agree,Somewhat agree,Somewhat disagree,Neither agree nor disagree,Somewhat agree,Neither agree nor disagree,Somewhat agree,Neither agree nor disagree,Somewhat agree,19,Female,,396155a450ffbcafd7b4,FALSE,,yes,
2022/12/16 14:14,2022/12/16 14:27,IP Address,94.173.202.246,100,797,TRUE,2022/12/16 14:27,R_3G0S5GLG4VLKohU,,,,,51.5555,-0.6212,anonymous,EN,I consent; proceed to the study.,Most of the time,Once a week,3,,,,,,,,,,,,,,,,,,,,,,,,,,,,,,,,,,,,,,,,,,,85,65,95,75,51,"FoxNews.com,NBC.com",92,50,60,75,10,15,50,49,"Red,Green",65,55,42,40,70,42,50,60,72,80,51,70,50,56,50,56,10,68,46,79,59,68,54,52,55,50,58,None at all,A moderate amount,A moderate amount,Somewhat agree,Somewhat agree,Strongly agree,Strongly agree,Strongly disagree,Neither agree nor disagree,Somewhat disagree,Strongly disagree,Somewhat disagree,Somewhat disagree,Somewhat disagree,18,Female,,bb6c9d4d8237dec284d5,FALSE,,yes,
2022/12/16 15:37,2022/12/16 15:52,IP Address,81.129.89.100,100,921,TRUE,2022/12/16 15:52,R_2OOKh3ffSYMrcVS,,,,,52.7517,-1.3618,anonymous,EN,I consent; proceed to the study.,Only some of the time,Never,3,80,63,27,15,6,Google News,36,23,31,19,62,13,55,57,"Red,Green",68,68,27,25,68,67,74,70,79,67,75,78,21,59,73,75,18,68,67,75,54,63,70,52,14,70,17,,,,,,,,,,,,,,,,,,,,,,,,,,,,,,,,,,,,,,,,,,,A great deal,A moderate amount,A little,Somewhat agree,Somewhat agree,Somewhat agree,Strongly agree,Somewhat disagree,Strongly agree,Neither agree nor disagree,Somewhat agree,Somewhat agree,Somewhat agree,Somewhat disagree,18,Female,,5894ce34d5171396560e,FALSE,,yes,
2022/12/10 1:35,2022/12/10 1:35,IP Address,104.28.106.227,7,18,FALSE,2022/12/17 1:35,R_27NLXmvMpFvZMVH,,,,,,,anonymous,EN,I consent; proceed to the study.,,,,,,,,,,,,,,,,,,,,,,,,,,,,,,,,,,,,,,,,,,,,,,,,,,,,,,,,,,,,,,,,,,,,,,,,,,,,,,,,,,,,,,,,,,,,,,,,,,,,,,,,,0a058acdf2dc6cb448d7,FALSE,,yes,
2022/12/18 6:52,2022/12/18 7:15,IP Address,5.151.120.173,100,1428,TRUE,2022/12/18 7:15,R_3fDEEyrPSHZmrXR,,,,,51.5466,-0.1232,anonymous,EN,I consent; proceed to the study.,Most of the time,3-4 times a week,4,,,,,,,,,,,,,,,,,,,,,,,,,,,,,,,,,,,,,,,,,,,70,82,99,90,35,New York Times website,29,72,64,90,30,70,99,70,"Red,Green",75,30,59,76,29,25,81,72,92,33,71,27,72,80,28,32,79,82,74,27,77,77,75,74,28,25,74,A moderate amount,A little,A moderate amount,Strongly agree,Somewhat agree,Strongly agree,Neither agree nor disagree,Somewhat agree,Somewhat disagree,Somewhat agree,Strongly disagree,Somewhat disagree,Somewhat agree,Neither agree nor disagree,18,Female,,5057406e2394b9ec255a,FALSE,,yes,
2022/12/6 9:05,2022/12/12 6:12,IP Address,86.130.141.130,97,508016,FALSE,2022/12/19 6:12,R_11atUxHKu49nRsy,,,,,,,anonymous,EN,I consent; proceed to the study.,Most of the time,Once a week,3,,,,,,,,,,,,,,,,,,,,,,,,,,,,,,,,,,,,,,,,,,,84,56,66,62,60,"FoxNews.com,NBC.com",23,50,65,57,25,40,39,33,"Red,Green",37,60,53,58,51,30,56,62,55,41,76,63,26,54,43,5,39,55,70,69,55,40,41,42,32,42,62,A lot,A moderate amount,A little,Somewhat agree,Somewhat agree,Strongly agree,Somewhat agree,Strongly disagree,Somewhat agree,Neither agree nor disagree,Neither agree nor disagree,Strongly disagree,Neither agree nor disagree,Somewhat agree,18,Female,,045e79947ace4a600282,FALSE,,yes,
2022/12/19 6:36,2022/12/19 6:45,IP Address,86.138.245.25,100,537,TRUE,2022/12/19 6:45,R_1pyvUEp8bJBILfI,,,,,51.0675,-0.362,anonymous,EN,I consent; proceed to the study.,Only some of the time,Once a week,2,30,40,10,60,0,"FoxNews.com,NBC.com",20,80,70,0,90,10,50,70,"Red,Green",60,93,75,20,80,50,87,87,76,100,80,100,71,60,35,100,8,65,72,24,80,69,85,74,51,51,51,,,,,,,,,,,,,,,,,,,,,,,,,,,,,,,,,,,,,,,,,,,A moderate amount,A little,A little,Somewhat disagree,Somewhat disagree,Neither agree nor disagree,Strongly agree,Strongly disagree,Strongly agree,Strongly agree,Neither agree nor disagree,Strongly disagree,Somewhat disagree,Somewhat disagree,19,Female,,8809d7c723ab86ae921f,FALSE,,yes,
2022/12/19 6:34,2022/12/19 6:46,IP Address,217.42.46.182,100,734,TRUE,2022/12/19 6:46,R_22nuzAcLB0msGVT,,,,,51.9551,-0.916,anonymous,EN,I consent; proceed to the study.,Only some of the time,Once a week,3,,,,,,,,,,,,,,,,,,,,,,,,,,,,,,,,,,,,,,,,,,,79,50,93,58,66,"FoxNews.com,NBC.com",71,36,62,88,78,17,46,60,"Red,Green",83,57,62,7,75,72,50,90,56,78,58,85,46,34,68,76,69,91,90,86,51,75,23,15,15,59,77,A lot,A moderate amount,A moderate amount,Somewhat agree,Somewhat agree,Strongly agree,Strongly agree,Somewhat disagree,Somewhat agree,Neither agree nor disagree,Neither agree nor disagree,Strongly disagree,Somewhat disagree,Somewhat disagree,19,Male,,6e4934a9059d69be5001,FALSE,,yes,
2022/12/12 16:43,2022/12/12 17:16,IP Address,31.205.207.44,97,1940,FALSE,2022/12/19 17:16,R_2CVeGou96UVbOe5,,,,,,,anonymous,EN,I consent; proceed to the study.,Only some of the time,Once a day,3,73,63,28,45,15,CNN.com,60,29,7,13,64,65,94,50,"Red,Green",57,70,85,40,100,54,39,70,86,100,51,93,73,64,95,93,45,96,38,94,31,37,83,27,82,92,92,,,,,,,,,,,,,,,,,,,,,,,,,,,,,,,,,,,,,,,,,,,A little,A moderate amount,A moderate amount,Strongly agree,Strongly agree,Strongly agree,Somewhat disagree,Strongly disagree,Strongly disagree,Somewhat disagree,Somewhat agree,Somewhat disagree,Neither agree nor disagree,Somewhat disagree,19,Female,,0b6f8bfbcc6ca017227d,FALSE,,yes,
2022/12/14 14:39,2022/12/14 15:11,IP Address,137.205.1.88,51,1893,FALSE,2022/12/21 15:11,R_2SqPzvCZ6Dfxoqw,,,,,,,anonymous,EN,I consent; proceed to the study.,Almost never,Never,2,,,,,,,,,,,,,,,,,,,,,,,,,,,,,,,,,,,,,,,,,,,,,,,,,,,,,,,,,,,,,,,,,,,,,,,,,,,,,,,,,,,,,,,,,,,,,,,,,,,,,,687ae8dad37d9a76a298,FALSE,,yes,
2022/12/15 9:06,2022/12/15 9:14,IP Address,104.28.60.224,63,467,FALSE,2022/12/22 9:14,R_3vCTQpnkK2KuaSl,,,,,,,anonymous,EN,I consent; proceed to the study.,Most of the time,Once a week,3,,,,,,,,,,,,,,,,,,,,,,,,,,,,,,,,,,,,,,,,,,,91,94,71,100,100,"FoxNews.com,NBC.com",50,45,82,69,100,24,77,,,,,,,,,,,,,,,,,,,,,,,,,,,,,,,,,,,,,,,,,,,,,,,8211294ce62ad12405b8,FALSE,,yes,
2022/12/15 11:25,2022/12/15 11:38,IP Address,86.168.214.210,97,752,FALSE,2022/12/22 11:38,R_1C85TxLqmEZmh8p,,,,,,,anonymous,EN,I consent; proceed to the study.,Only some of the time,Once a week,2,50,40,15,91,10,Google News,50,70,0,10,70,20,50,60,"Red,Green",50,71,80,50,60,60,65,51,80,90,70,95,10,20,90,91,5,90,50,86,50,80,85,40,40,50,9,,,,,,,,,,,,,,,,,,,,,,,,,,,,,,,,,,,,,,,,,,,A lot,A little,A little,Neither agree nor disagree,Neither agree nor disagree,Somewhat agree,Strongly agree,Somewhat disagree,Strongly agree,Somewhat agree,Somewhat disagree,Neither agree nor disagree,Neither agree nor disagree,Somewhat disagree,18,Female,,70ca1561156d3544a6f9,FALSE,,yes,
2022/12/23 3:20,2022/12/23 3:47,IP Address,94.195.126.73,100,1640,TRUE,2022/12/23 3:47,R_pJG6W4PdilN0jIt,,,,,52.532,-1.815,anonymous,EN,I consent; proceed to the study.,Almost never,Never,3,,,,,,,,,,,,,,,,,,,,,,,,,,,,,,,,,,,,,,,,,,,100,89,32,77,67,"FoxNews.com,NBC.com",60,21,93,79,22,72,49,52,"Red,Green",31,72,36,24,63,76,71,77,86,74,77,64,18,23,78,79,24,75,39,86,30,73,58,44,66,81,31,A lot,A little,None at all,Somewhat agree,Somewhat agree,Strongly agree,Neither agree nor disagree,Strongly disagree,Somewhat agree,Neither agree nor disagree,Neither agree nor disagree,Somewhat disagree,Somewhat disagree,Somewhat agree,19,Female,,0fc0a48ad36995fb9d7c,FALSE,,yes,
2022/12/23 10:10,2022/12/23 10:18,IP Address,104.28.86.108,100,467,TRUE,2022/12/23 10:18,R_3EzHYhXQs76Sk1I,,,,,51.5164,-0.093,anonymous,EN,I consent; proceed to the study.,Only some of the time,Never,3,,59,67,75,52,NBC.com,68,47,33,56,63,52,50,32,"Red,Green",50,50,41,43,47,46,63,60,61,65,71,59,45,53,49,63,50,35,45,50,62,60,41,39,42,42,59,,,,,,,,,,,,,,,,,,,,,,,,,,,,,,,,,,,,,,,,,,,A moderate amount,A moderate amount,A moderate amount,Somewhat disagree,Somewhat disagree,Somewhat disagree,Somewhat agree,Strongly disagree,Somewhat agree,Somewhat agree,Somewhat agree,Somewhat agree,Neither agree nor disagree,Neither agree nor disagree,19,Female,,be66e1cad6710fbc9bc9,FALSE,,yes,
2022/12/23 13:33,2022/12/23 13:44,IP Address,137.205.1.76,100,657,TRUE,2022/12/23 13:44,R_3eajCHEmlkE875U,,,,,52.382,-1.5874,anonymous,EN,I consent; proceed to the study.,Almost never,Never,2,33,75,35,6,41,"FoxNews.com,NBC.com",76,78,12,76,50,70,73,75,"Red,Green",80,58,70,29,79,50,69,73,70,74,34,79,24,28,86,37,27,75,86,35,30,74,61,73,50,77,84,,,,,,,,,,,,,,,,,,,,,,,,,,,,,,,,,,,,,,,,,,,A lot,A little,None at all,Strongly agree,Strongly agree,Somewhat agree,Strongly agree,Somewhat disagree,Somewhat agree,Somewhat agree,Strongly agree,Somewhat disagree,Somewhat agree,Strongly agree,19,Female,,687ae8dad37d9a76a298,FALSE,,yes,
2022/12/24 7:35,2022/12/24 7:52,IP Address,31.52.147.79,100,1026,TRUE,2022/12/24 7:52,R_299RcoPzSh6THEh,,,,,51.2232,1.3747,anonymous,EN,I consent; proceed to the study.,Only some of the time,Once a week,2,72,38,24,45,35,"FoxNews.com,NBC.com",66,75,21,35,60,20,30,57,"Red,Green",72,75,59,28,65,75,66,70,86,67,81,91,20,12,76,55,40,61,74,86,45,74,63,35,35,63,73,,,,,,,,,,,,,,,,,,,,,,,,,,,,,,,,,,,,,,,,,,,A little,A lot,A moderate amount,Somewhat agree,Somewhat agree,Neither agree nor disagree,Strongly agree,Somewhat disagree,Somewhat agree,Somewhat agree,Strongly disagree,Somewhat disagree,Somewhat disagree,Somewhat disagree,18,Male,,e820a3351573c558c42d,FALSE,,yes,
2022/12/26 7:56,2022/12/26 8:09,IP Address,82.11.69.237,100,803,TRUE,2022/12/26 8:09,R_3mm1b4OkizoE80q,,,,,51.3693,0.0221,anonymous,EN,I consent; proceed to the study.,Most of the time,Once a week,3,,,,,,,,,,,,,,,,,,,,,,,,,,,,,,,,,,,,,,,,,,,100,100,100,100,91,"FoxNews.com,NBC.com",75,10,100,100,0,50,85,5,"Red,Green",50,95,75,50,90,15,30,100,100,100,100,100,100,5,100,100,5,50,90,100,50,10,10,0,80,50,90,A lot,A moderate amount,None at all,Somewhat disagree,Somewhat agree,Somewhat agree,Strongly agree,Strongly agree,Strongly agree,Somewhat disagree,Somewhat agree,Strongly disagree,Somewhat disagree,Somewhat disagree,19,Female,,66f782401850184e947b,FALSE,,yes,
2022/12/28 7:44,2022/12/28 7:56,IP Address,82.44.110.7,100,728,TRUE,2022/12/28 7:56,R_xDRPVqou3I2miDn,,,,,51.3076,0.4787,anonymous,EN,I consent; proceed to the study.,Only some of the time,Once a week,2,,,,,,,,,,,,,,,,,,,,,,,,,,,,,,,,,,,,,,,,,,,100,100,100,66,92,New York Times website,100,0,80,100,40,28,71,30,Green,81,93,70,28,21,23,24,100,100,98,75,75,29,0,86,14,17,80,75,79,23,25,66,65,29,79,31,A great deal,A little,None at all,Somewhat agree,Somewhat disagree,Somewhat agree,Strongly agree,Strongly disagree,Strongly agree,Strongly agree,Strongly agree,Somewhat disagree,Somewhat agree,Somewhat agree,19,Female,,655d09d976ca0002c6af,FALSE,,yes,
2022/12/28 10:46,2022/12/28 11:03,IP Address,86.147.218.44,100,1031,TRUE,2022/12/28 11:03,R_1PZc2K9CsgTZiWp,,,,,51.6144,-0.3368,anonymous,EN,I consent; proceed to the study.,Most of the time,Once a week,3,,9,25,71,0,"FoxNews.com,NBC.com",65,37,57,14,10,8,62,60,Pink,15,21,45,0,62,55,28,72,28,60,63,29,14,36,45,67,39,60,87,95,31,84,94,58,40,40,27,,,,,,,,,,,,,,,,,,,,,,,,,,,,,,,,,,,,,,,,,,,A moderate amount,A little,A little,Somewhat disagree,Somewhat disagree,Somewhat agree,Strongly agree,Strongly disagree,Somewhat agree,Somewhat disagree,Somewhat agree,Somewhat agree,Strongly disagree,Somewhat agree,19,Female,,2c6c87ac0cf48dad227f,FALSE,,yes,
2022/12/29 4:52,2022/12/29 5:17,IP Address,80.193.202.173,100,1466,TRUE,2022/12/29 5:17,R_2DUpQetwcU1ao7H,,,,,51.4279,0.3896,anonymous,EN,I consent; proceed to the study.,Most of the time,Never,3,,,,,,,,,,,,,,,,,,,,,,,,,,,,,,,,,,,,,,,,,,,75,86,99,92,84,Google News,55,33,25,43,86,23,6,9,"Red,Green",13,8,67,29,49,51,54,50,74,62,66,51,81,66,50,22,49,51,71,76,60,54,51,28,83,27,27,A little,A moderate amount,A moderate amount,Neither agree nor disagree,Somewhat disagree,Neither agree nor disagree,Somewhat agree,Strongly disagree,Neither agree nor disagree,Somewhat disagree,Neither agree nor disagree,Neither agree nor disagree,Neither agree nor disagree,Neither agree nor disagree,18,Female,,9c0e4e81e0a058be4bce,FALSE,,yes,
2022/12/29 4:53,2022/12/29 5:18,IP Address,137.205.1.18,100,1470,TRUE,2022/12/29 5:18,R_6Sw8aLwqI7TfjS9,,,,,52.382,-1.5874,anonymous,EN,I consent; proceed to the study.,Only some of the time,3-4 times a week,3,70,80,49,83,26,Google News,92,39,86,25,87,51,76,80,Pink,40,91,62,37,68,87,86,51,32,74,83,85,30,51,51,82,9,79,38,91,94,79,85,70,98,65,81,,,,,,,,,,,,,,,,,,,,,,,,,,,,,,,,,,,,,,,,,,,A moderate amount,A moderate amount,A moderate amount,Somewhat agree,Strongly disagree,Somewhat agree,Strongly agree,Somewhat disagree,Strongly agree,Strongly agree,Neither agree nor disagree,Neither agree nor disagree,Somewhat agree,Somewhat agree,19,Female,,559045d4bd1df4784bb9,FALSE,,yes,
2022/12/29 6:02,2022/12/29 6:18,IP Address,171.33.195.221,100,987,TRUE,2022/12/29 6:18,R_1GyqepwpQTZm4AY,,,,,51.6056,0.0124,anonymous,EN,I consent; proceed to the study.,Only some of the time,Never,3,60,66,29,51,20,NBC.com,40,60,29,60,72,55,50,60,"Red,Green",35,80,56,60,60,40,60,70,60,80,70,91,81,60,40,50,60,70,80,70,40,40,70,70,30,58,96,,,,,,,,,,,,,,,,,,,,,,,,,,,,,,,,,,,,,,,,,,,A lot,A moderate amount,A moderate amount,Somewhat agree,Somewhat agree,Neither agree nor disagree,Strongly agree,Strongly disagree,Neither agree nor disagree,Somewhat disagree,Neither agree nor disagree,Somewhat agree,Somewhat agree,Somewhat agree,18,Female,,f16e22673a8c56df5ba3,FALSE,,yes,
2022/12/29 7:07,2022/12/29 7:15,IP Address,146.75.174.17,100,523,TRUE,2022/12/29 7:15,R_2sdOFvUPfnQBWDr,,,,,52.4606,-1.9238,anonymous,EN,I consent; proceed to the study.,Almost never,Never,1,,,,,,,,,,,,,,,,,,,,,,,,,,,,,,,,,,,,,,,,,,,90,65,75,55,50,Yahoo! News,60,76,50,80,38,50,50,25,Pink,40,40,40,34,55,40,43,56,82,72,72,75,40,75,51,86,37,40,50,61,41,29,41,40,42,44,40,A moderate amount,A little,A little,Somewhat disagree,Somewhat disagree,Somewhat agree,Somewhat agree,Strongly disagree,Neither agree nor disagree,Somewhat disagree,Neither agree nor disagree,Somewhat disagree,Somewhat agree,Somewhat agree,19,Female,,a5d2255b7406b6fa3365,FALSE,,yes,
2022/12/29 9:24,2022/12/29 9:56,IP Address,78.160.121.51,100,1941,TRUE,2022/12/29 9:56,R_3dZkuUwz8k7CJVq,,,,,41.0247,28.9252,anonymous,EN,I consent; proceed to the study.,Only some of the time,Once a week,3,20,10,35,70,10,"FoxNews.com,NBC.com",65,80,10,30,65,60,75,70,"Red,Green",65,35,50,50,70,50,75,75,81,78,66,75,51,41,66,63,35,36,77,37,61,67,68,66,31,36,35,,,,,,,,,,,,,,,,,,,,,,,,,,,,,,,,,,,,,,,,,,,A great deal,A moderate amount,A little,Somewhat agree,Somewhat agree,Somewhat agree,Somewhat agree,Somewhat disagree,Neither agree nor disagree,Neither agree nor disagree,Neither agree nor disagree,Neither agree nor disagree,Somewhat agree,Neither agree nor disagree,18,Female,,0fbb854491cac1fa613d,FALSE,,yes,
2022/12/23 13:24,2022/12/23 13:33,IP Address,137.205.1.76,90,515,FALSE,2022/12/30 13:33,R_1gjV0cMP2KgLLQr,,,,,,,anonymous,EN,I consent; proceed to the study.,Almost never,Once a week,2,,,,,,,,,,,,,,,,,,,,,,,,,,,,,,,,,,,,,,,,,,,76,92,86,87,50,"FoxNews.com,NBC.com",75,40,92,40,20,71,65,60,"Red,Green",62,41,50,30,79,50,61,66,72,71,71,80,26,39,87,59,30,65,76,50,50,70,50,65,50,71,,,,,,,,,,,,,,,,,,,687ae8dad37d9a76a298,FALSE,,yes,
2023/1/2 10:57,2023/1/2 11:14,IP Address,92.40.170.202,100,1041,TRUE,2023/1/2 11:14,R_3MccMtkh3lTDgc6,,,,,51.5042,-0.2199,anonymous,EN,I consent; proceed to the study.,Only some of the time,Once a week,3,,,,,,,,,,,,,,,,,,,,,,,,,,,,,,,,,,,,,,,,,,,100,100,90,80,90,"FoxNews.com,NBC.com",80,90,87,60,60,80,65,50,"Red,Green",55,60,50,30,65,50,100,100,80,95,65,90,91,85,90,100,100,90,100,100,100,0,100,100,50,50,100,A lot,A lot,A lot,Strongly agree,Strongly agree,Strongly agree,Strongly agree,Strongly disagree,Strongly agree,Strongly agree,Neither agree nor disagree,Somewhat disagree,Neither agree nor disagree,Somewhat disagree,18,Female,,b0155d4a898d8353ef05,FALSE,,yes,