ResponseId,condition,Q1_4,Q98_4,Q1_4.1,Q99_4,Q1_4.2,Q100_4,Q1_4.3,Q101_4,Q1_4.4,Q103_4,Q1_4.5,Q104_4,Q1_4.6,Q105_4,Q1_4.7,Q106_4,Q1_4.8,Q107_4,Q1_4.9,Q108_4,Q1_4.10,Q109_4,Q1_4.11,Q110_4,Q1_4.12,Q111_4,Q1_4.13,Q112_4,Q33_1,Q34_1,Q35_4,Q36_1,Q37_1,st1,st2,st3,st4,st5,st6,st7,st8,st9,st10,st11,st12,st13,st14,statement1,statement2,statement3,statement4,statement5,statement6,statement7,statement8,statement9,statement10,statement11,statement12,statement13,statement14,Attitudesmeasurement
R_1FK8dWjFQk1zHNN,controversy,50,30,30,31,0,20,20,20,40,50,19,0,20,0,50,51,20,0,70,82,70,20,100,30,30,20,81,41,0,71,81,20,100,statement5,statement11,statement6,statement4,statement1,statement12,statement3,statement13,statement7,statement10,statement9,statement8,statement14,statement2,Q1_4|Q98,Q99|Q1_4.1,Q100|Q1_4.2,Q1_4.3|Q101,Q1_4.4|Q103,Q1_4.5|Q104,Q1_4.6|Q105,Q1_4.7|Q106,Q1_4.8|Q107,Q1_4.9|Q108,Q109|Q1_4.10,Q110|Q1_4.11,Q1_4.12|Q111,Q112|Q1_4.13,Q33|Q37|Q34|Q35|Q36
R_3oRgC4aCWgl6LpE,controversy,70,90,10,10,60,60,45,55,50,55,10,20,20,20,60,35,30,40,80,90,20,20,70,80,30,0,50,60,35,60,70,50,100,statement1,statement3,statement5,statement4,statement8,statement10,statement11,statement2,statement14,statement9,statement7,statement13,statement6,statement12,Q98|Q1_4,Q99|Q1_4.1,Q100|Q1_4.2,Q1_4.3|Q101,Q1_4.4|Q103,Q104|Q1_4.5,Q105|Q1_4.6,Q1_4.7|Q106,Q107|Q1_4.8,Q1_4.9|Q108,Q1_4.10|Q109,Q1_4.11|Q110,Q111|Q1_4.12,Q1_4.13|Q112,Q37|Q35|Q33|Q36|Q34
R_3HG0ZAXab628hiq,no_controversy,61,30,0,0,71,40,60,80,30,71,31,51,15,16,30,80,20,0,90,90,50,31,40,75,70,30,30,61,60,50,90,20,80,statement14,statement9,statement1,statement13,statement2,statement11,statement12,statement4,statement7,statement5,statement6,statement8,statement3,statement10,Q98|Q1_4,Q1_4.1|Q99,Q100|Q1_4.2,Q101|Q1_4.3,Q103|Q1_4.4,Q1_4.5|Q104,Q1_4.6|Q105,Q1_4.7|Q106,Q107|Q1_4.8,Q1_4.9|Q108,Q109|Q1_4.10,Q110|Q1_4.11,Q111|Q1_4.12,Q1_4.13|Q112,Q36|Q33|Q34|Q37|Q35
R_3EWNjFzyiV1XTq4,controversy,50,50,50,50,50,71,71,30,20,9,20,9,19,41,50,61,20,50,71,82,10,20,20,0,62,82,0,0,29,73,62,50,82,statement9,statement1,statement4,statement8,statement12,statement10,statement2,statement13,statement6,statement11,statement5,statement14,statement3,statement7,Q1_4|Q98,Q1_4.1|Q99,Q100|Q1_4.2,Q101|Q1_4.3,Q1_4.4|Q103,Q1_4.5|Q104,Q105|Q1_4.6,Q106|Q1_4.7,Q1_4.8|Q107,Q1_4.9|Q108,Q109|Q1_4.10,Q110|Q1_4.11,Q1_4.12|Q111,Q112|Q1_4.13,Q35|Q34|Q33|Q36|Q37
R_b2BWOqOYPOpy5uF,no_controversy,86,61,63,63,39,0,52,33,49,0,43,20,64,35,59,39,51,51,65,100,62,0,82,100,21,62,36,0,30,93,94,56,80,statement14,statement11,statement5,statement6,statement4,statement2,statement13,statement10,statement12,statement1,statement7,statement3,statement8,statement9,Q98|Q1_4,Q99|Q1_4.1,Q1_4.2|Q100,Q1_4.3|Q101,Q103|Q1_4.4,Q1_4.5|Q104,Q1_4.6|Q105,Q106|Q1_4.7,Q107|Q1_4.8,Q1_4.9|Q108,Q109|Q1_4.10,Q1_4.11|Q110,Q111|Q1_4.12,Q112|Q1_4.13,Q37|Q35|Q33|Q34|Q36
R_3KxpGA8ekat3j3c,no_controversy,51,51,0,0,50,51,100,100,51,10,0,10,51,51,51,71,19,10,100,100,76,40,100,100,30,20,59,51,84,51,100,92,83,statement6,statement11,statement3,statement9,statement2,statement7,statement14,statement5,statement13,statement1,statement8,statement12,statement4,statement10,Q1_4|Q98,Q1_4.1|Q99,Q1_4.2|Q100,Q1_4.3|Q101,Q103|Q1_4.4,Q104|Q1_4.5,Q1_4.6|Q105,Q106|Q1_4.7,Q107|Q1_4.8,Q1_4.9|Q108,Q1_4.10|Q109,Q1_4.11|Q110,Q1_4.12|Q111,Q1_4.13|Q112,Q36|Q35|Q37|Q34|Q33
R_ePX5d5nSB3qoORz,no_controversy,40,36,25,9,10,1,75,100,23,24,9,29,18,20,50,46,37,0,75,99,27,8,70,100,45,55,28,60,61,40,91,75,91,statement13,statement5,statement6,statement8,statement4,statement3,statement9,statement10,statement2,statement14,statement12,statement1,statement11,statement7,Q1_4|Q98,Q1_4.1|Q99,Q1_4.2|Q100,Q1_4.3|Q101,Q1_4.4|Q103,Q1_4.5|Q104,Q1_4.6|Q105,Q106|Q1_4.7,Q107|Q1_4.8,Q1_4.9|Q108,Q1_4.10|Q109,Q1_4.11|Q110,Q1_4.12|Q111,Q112|Q1_4.13,Q35|Q37|Q34|Q36|Q33
R_27Pz5EwQ93VRqD1,no_controversy,65,67,30,9,43,47,78,0,80,1,56,3,13,40,39,44,37,20,89,96,79,65,70,60,72,66,82,81,60,5,81,70,71,statement2,statement5,statement13,statement7,statement14,statement8,statement4,statement11,statement1,statement9,statement3,statement6,statement10,statement12,Q1_4|Q98,Q99|Q1_4.1,Q100|Q1_4.2,Q1_4.3|Q101,Q1_4.4|Q103,Q104|Q1_4.5,Q105|Q1_4.6,Q1_4.7|Q106,Q107|Q1_4.8,Q108|Q1_4.9,Q1_4.10|Q109,Q1_4.11|Q110,Q111|Q1_4.12,Q112|Q1_4.13,Q36|Q35|Q34|Q37|Q33
R_29ueFvzuNjDXf4f,controversy,54,55,0,0,0,100,88,100,52,18,0,0,0,0,8,20,19,49,100,100,43,71,70,100,62,0,10,0,0,24,51,57,100,statement8,statement3,statement13,statement6,statement10,statement11,statement5,statement14,statement1,statement7,statement2,statement4,statement9,statement12,Q1_4|Q98,Q1_4.1|Q99,Q100|Q1_4.2,Q1_4.3|Q101,Q1_4.4|Q103,Q1_4.5|Q104,Q105|Q1_4.6,Q106|Q1_4.7,Q107|Q1_4.8,Q108|Q1_4.9,Q109|Q1_4.10,Q1_4.11|Q110,Q111|Q1_4.12,Q112|Q1_4.13,Q36|Q35|Q33|Q34|Q37
R_2bN9NmnQdh84M2w,no_controversy,67,65,21,24,59,76,54,60,71,94,56,56,19,19,72,91,50,42,75,92,44,38,80,100,62,87,38,11,34,70,81,18,90,statement14,statement11,statement10,statement1,statement5,statement6,statement2,statement9,statement3,statement7,statement8,statement4,statement12,statement13,Q98|Q1_4,Q99|Q1_4.1,Q100|Q1_4.2,Q1_4.3|Q101,Q1_4.4|Q103,Q104|Q1_4.5,Q1_4.6|Q105,Q1_4.7|Q106,Q107|Q1_4.8,Q1_4.9|Q108,Q1_4.10|Q109,Q110|Q1_4.11,Q1_4.12|Q111,Q112|Q1_4.13,Q34|Q35|Q33|Q37|Q36
R_OEaqZJchWq9l13r,controversy,51,51,51,51,71,72,81,83,50,50,0,0,51,51,21,72,30,30,81,91,100,81,73,100,51,0,51,0,71,71,100,51,61,statement4,statement12,statement11,statement5,statement1,statement6,statement7,statement3,statement8,statement2,statement9,statement10,statement14,statement13,Q98|Q1_4,Q99|Q1_4.1,Q1_4.2|Q100,Q1_4.3|Q101,Q1_4.4|Q103,Q1_4.5|Q104,Q1_4.6|Q105,Q1_4.7|Q106,Q1_4.8|Q107,Q108|Q1_4.9,Q109|Q1_4.10,Q110|Q1_4.11,Q111|Q1_4.12,Q112|Q1_4.13,Q37|Q33|Q35|Q34|Q36
R_1oFikq7dy5yMY3G,controversy,28,75,0,0,19,0,50,54,30,65,30,45,43,22,53,50,55,50,100,100,26,0,100,100,71,40,65,71,80,50,100,54,70,statement5,statement12,statement9,statement10,statement8,statement13,statement6,statement3,statement11,statement7,statement4,statement1,statement2,statement14,Q98|Q1_4,Q1_4.1|Q99,Q1_4.2|Q100,Q101|Q1_4.3,Q1_4.4|Q103,Q1_4.5|Q104,Q105|Q1_4.6,Q1_4.7|Q106,Q107|Q1_4.8,Q108|Q1_4.9,Q1_4.10|Q109,Q1_4.11|Q110,Q1_4.12|Q111,Q1_4.13|Q112,Q34|Q37|Q35|Q33|Q36
R_1DuK78tYcwJ70wh,controversy,21,18,46,13,50,0,45,90,50,82,50,50,26,16,50,45,50,50,75,95,35,10,50,62,50,14,50,56,50,70,86,45,95,statement13,statement11,statement3,statement7,statement1,statement4,statement12,statement8,statement6,statement9,statement2,statement14,statement10,statement5,Q98|Q1_4,Q1_4.1|Q99,Q100|Q1_4.2,Q101|Q1_4.3,Q1_4.4|Q103,Q104|Q1_4.5,Q1_4.6|Q105,Q1_4.7|Q106,Q107|Q1_4.8,Q1_4.9|Q108,Q1_4.10|Q109,Q110|Q1_4.11,Q1_4.12|Q111,Q112|Q1_4.13,Q33|Q36|Q34|Q35|Q37
R_1KewslB3ybbMnhv,controversy,91,91,30,50,51,51,70,0,49,50,30,0,30,40,30,40,8,0,91,100,29,19,70,100,23,19,60,25,19,60,81,60,60,statement10,statement5,statement12,statement1,statement4,statement13,statement3,statement8,statement7,statement11,statement9,statement2,statement14,statement6,Q1_4|Q98,Q1_4.1|Q99,Q1_4.2|Q100,Q101|Q1_4.3,Q1_4.4|Q103,Q104|Q1_4.5,Q105|Q1_4.6,Q106|Q1_4.7,Q1_4.8|Q107,Q108|Q1_4.9,Q1_4.10|Q109,Q110|Q1_4.11,Q111|Q1_4.12,Q1_4.13|Q112,Q33|Q34|Q36|Q35|Q37
R_3kiXw82vjmkdD2y,controversy,80,90,10,0,80,30,60,80,49,20,0,0,20,10,70,55,30,0,85,70,90,90,80,100,65,80,60,90,30,90,100,10,90,statement8,statement3,statement11,statement14,statement1,statement10,statement5,statement12,statement2,statement9,statement6,statement13,statement4,statement7,Q1_4|Q98,Q99|Q1_4.1,Q100|Q1_4.2,Q101|Q1_4.3,Q1_4.4|Q103,Q104|Q1_4.5,Q105|Q1_4.6,Q1_4.7|Q106,Q1_4.8|Q107,Q108|Q1_4.9,Q1_4.10|Q109,Q1_4.11|Q110,Q111|Q1_4.12,Q112|Q1_4.13,Q36|Q37|Q35|Q33|Q34
R_1OvMstaUGg8jBts,controversy,10,10,25,24,50,50,50,50,50,90,0,0,0,0,70,85,40,25,100,100,0,0,75,85,80,100,50,40,25,60,70,50,75,statement8,statement5,statement13,statement2,statement14,statement1,statement12,statement11,statement3,statement4,statement6,statement7,statement9,statement10,Q98|Q1_4,Q99|Q1_4.1,Q1_4.2|Q100,Q1_4.3|Q101,Q1_4.4|Q103,Q104|Q1_4.5,Q1_4.6|Q105,Q1_4.7|Q106,Q1_4.8|Q107,Q108|Q1_4.9,Q1_4.10|Q109,Q110|Q1_4.11,Q111|Q1_4.12,Q112|Q1_4.13,Q34|Q35|Q36|Q37|Q33
R_28LFACRaYbrMCYC,no_controversy,80,70,20,20,40,60,80,95,45,80,25,30,15,15,15,20,35,10,80,100,60,20,60,100,85,45,60,20,40,35,75,0,75,statement3,statement6,statement14,statement4,statement2,statement11,statement9,statement7,statement5,statement10,statement13,statement1,statement12,statement8,Q1_4|Q98,Q1_4.1|Q99,Q1_4.2|Q100,Q1_4.3|Q101,Q103|Q1_4.4,Q1_4.5|Q104,Q105|Q1_4.6,Q106|Q1_4.7,Q107|Q1_4.8,Q108|Q1_4.9,Q1_4.10|Q109,Q1_4.11|Q110,Q1_4.12|Q111,Q112|Q1_4.13,Q33|Q36|Q37|Q34|Q35
R_3ndRv1AFYbkOpaj,no_controversy,60,60,30,25,40,75,60,90,45,40,35,45,25,15,40,15,30,50,80,95,18,18,80,100,60,40,70,90,45,70,60,60,90,statement13,statement3,statement12,statement2,statement1,statement14,statement7,statement10,statement5,statement4,statement9,statement6,statement8,statement11,Q1_4|Q98,Q1_4.1|Q99,Q100|Q1_4.2,Q1_4.3|Q101,Q103|Q1_4.4,Q1_4.5|Q104,Q1_4.6|Q105,Q106|Q1_4.7,Q107|Q1_4.8,Q1_4.9|Q108,Q109|Q1_4.10,Q1_4.11|Q110,Q111|Q1_4.12,Q1_4.13|Q112,Q37|Q33|Q36|Q35|Q34
R_3JCTyhsqQ0wN2HA,controversy,75,65,20,15,40,50,65,90,50,70,20,25,35,25,70,35,30,30,65,85,60,75,60,90,50,55,60,70,50,50,75,25,90,statement8,statement1,statement13,statement5,statement12,statement2,statement10,statement6,statement3,statement14,statement7,statement9,statement4,statement11,Q1_4|Q98,Q1_4.1|Q99,Q1_4.2|Q100,Q101|Q1_4.3,Q103|Q1_4.4,Q1_4.5|Q104,Q105|Q1_4.6,Q106|Q1_4.7,Q107|Q1_4.8,Q1_4.9|Q108,Q109|Q1_4.10,Q1_4.11|Q110,Q1_4.12|Q111,Q1_4.13|Q112,Q35|Q37|Q33|Q36|Q34
R_3M560V06Hpuv0Vr,no_controversy,68,49,30,50,41,37,63,84,36,65,26,27,24,22,43,19,53,27,67,80,56,28,56,50,50,48,56,68,38,73,57,38,66,statement8,statement2,statement10,statement11,statement9,statement14,statement12,statement3,statement7,statement13,statement6,statement1,statement5,statement4,Q1_4|Q98,Q1_4.1|Q99,Q100|Q1_4.2,Q101|Q1_4.3,Q103|Q1_4.4,Q1_4.5|Q104,Q105|Q1_4.6,Q1_4.7|Q106,Q107|Q1_4.8,Q108|Q1_4.9,Q1_4.10|Q109,Q110|Q1_4.11,Q1_4.12|Q111,Q112|Q1_4.13,Q34|Q36|Q33|Q37|Q35
R_1Q4RYd9x1OeOEW6,controversy,60,70,9,0,50,60,44,100,50,93,40,90,7,0,42,40,35,30,75,91,50,50,70,71,80,100,60,77,10,59,100,29,100,statement5,statement12,statement14,statement2,statement1,statement10,statement6,statement7,statement4,statement11,statement9,statement13,statement3,statement8,Q1_4|Q98,Q1_4.1|Q99,Q1_4.2|Q100,Q101|Q1_4.3,Q103|Q1_4.4,Q1_4.5|Q104,Q105|Q1_4.6,Q106|Q1_4.7,Q1_4.8|Q107,Q108|Q1_4.9,Q109|Q1_4.10,Q1_4.11|Q110,Q1_4.12|Q111,Q1_4.13|Q112,Q34|Q35|Q37|Q36|Q33
R_1q9ZV1EEhVuDlx4,no_controversy,75,75,19,0,18,0,20,60,23,76,42,55,30,50,60,100,50,14,99,100,16,0,70,100,46,6,30,65,30,65,65,80,100,statement14,statement2,statement5,statement3,statement1,statement11,statement13,statement9,statement12,statement10,statement4,statement7,statement6,statement8,Q98|Q1_4,Q1_4.1|Q99,Q1_4.2|Q100,Q1_4.3|Q101,Q103|Q1_4.4,Q1_4.5|Q104,Q1_4.6|Q105,Q106|Q1_4.7,Q1_4.8|Q107,Q108|Q1_4.9,Q109|Q1_4.10,Q110|Q1_4.11,Q1_4.12|Q111,Q112|Q1_4.13,Q34|Q36|Q37|Q35|Q33
R_3elUAgi9o3h0PVP,controversy,64,81,34,24,29,51,51,75,51,77,13,18,51,69,48,66,51,24,51,78,36,35,65,90,51,32,42,10,58,64,69,83,68,statement5,statement8,statement6,statement13,statement12,statement14,statement10,statement3,statement1,statement4,statement7,statement9,statement2,statement11,Q1_4|Q98,Q99|Q1_4.1,Q100|Q1_4.2,Q1_4.3|Q101,Q103|Q1_4.4,Q104|Q1_4.5,Q105|Q1_4.6,Q106|Q1_4.7,Q107|Q1_4.8,Q108|Q1_4.9,Q109|Q1_4.10,Q1_4.11|Q110,Q111|Q1_4.12,Q112|Q1_4.13,Q35|Q34|Q37|Q33|Q36
R_6QYwEtHTshtLDG1,controversy,70,100,100,100,60,100,100,100,50,100,50,50,0,0,100,100,50,100,100,100,20,0,50,50,96,100,50,50,0,79,100,100,100,statement9,statement11,statement3,statement5,statement14,statement1,statement6,statement7,statement12,statement13,statement2,statement4,statement10,statement8,Q1_4|Q98,Q1_4.1|Q99,Q1_4.2|Q100,Q1_4.3|Q101,Q1_4.4|Q103,Q104|Q1_4.5,Q105|Q1_4.6,Q106|Q1_4.7,Q1_4.8|Q107,Q108|Q1_4.9,Q109|Q1_4.10,Q110|Q1_4.11,Q111|Q1_4.12,Q1_4.13|Q112,Q37|Q34|Q35|Q36|Q33
R_1JFmA3o2H8w7QrA,no_controversy,65,40,26,19,39,62,85,99,72,71,36,65,30,71,43,34,61,33,79,81,61,30,65,89,71,40,76,77,67,61,89,70,85,statement7,statement8,statement5,statement6,statement1,statement13,statement4,statement10,statement12,statement3,statement14,statement2,statement9,statement11,Q98|Q1_4,Q1_4.1|Q99,Q1_4.2|Q100,Q101|Q1_4.3,Q1_4.4|Q103,Q1_4.5|Q104,Q1_4.6|Q105,Q106|Q1_4.7,Q1_4.8|Q107,Q1_4.9|Q108,Q109|Q1_4.10,Q1_4.11|Q110,Q1_4.12|Q111,Q1_4.13|Q112,Q33|Q36|Q37|Q34|Q35
R_3FVajpKcN91TV70,controversy,15,15,25,19,72,21,67,91,64,53,9,42,22,70,24,44,37,9,85,87,76,54,66,80,63,86,30,16,6,37,93,34,78,statement8,statement1,statement14,statement6,statement5,statement2,statement9,statement11,statement7,statement13,statement4,statement3,statement10,statement12,Q1_4|Q98,Q1_4.1|Q99,Q100|Q1_4.2,Q101|Q1_4.3,Q1_4.4|Q103,Q104|Q1_4.5,Q1_4.6|Q105,Q1_4.7|Q106,Q1_4.8|Q107,Q1_4.9|Q108,Q1_4.10|Q109,Q1_4.11|Q110,Q1_4.12|Q111,Q112|Q1_4.13,Q34|Q37|Q35|Q33|Q36
R_XNttD6UaollQklb,no_controversy,80,75,8,0,52,52,33,89,22,88,0,3,11,0,0,30,37,18,72,100,32,35,68,71,27,12,34,100,18,81,100,86,93,statement12,statement1,statement8,statement5,statement7,statement3,statement13,statement11,statement4,statement2,statement6,statement14,statement9,statement10,Q1_4|Q98,Q99|Q1_4.1,Q1_4.2|Q100,Q1_4.3|Q101,Q1_4.4|Q103,Q104|Q1_4.5,Q105|Q1_4.6,Q1_4.7|Q106,Q1_4.8|Q107,Q1_4.9|Q108,Q1_4.10|Q109,Q1_4.11|Q110,Q1_4.12|Q111,Q1_4.13|Q112,Q37|Q35|Q36|Q34|Q33
R_24GBLpZTA04akir,no_controversy,51,49,9,0,50,75,20,100,19,85,5,65,14,0,82,81,39,71,71,91,40,81,30,100,50,100,50,80,20,39,87,51,91,statement4,statement12,statement6,statement14,statement11,statement10,statement8,statement13,statement3,statement1,statement2,statement7,statement9,statement5,Q98|Q1_4,Q99|Q1_4.1,Q1_4.2|Q100,Q101|Q1_4.3,Q1_4.4|Q103,Q1_4.5|Q104,Q1_4.6|Q105,Q106|Q1_4.7,Q1_4.8|Q107,Q1_4.9|Q108,Q109|Q1_4.10,Q110|Q1_4.11,Q1_4.12|Q111,Q1_4.13|Q112,Q33|Q34|Q36|Q37|Q35
R_1g59uYKczTLQeww,controversy,39,40,18,0,37,51,70,72,54,51,40,24,39,4,30,48,43,19,82,81,100,100,44,81,56,71,71,76,61,51,100,19,77,statement2,statement6,statement8,statement3,statement13,statement9,statement7,statement10,statement5,statement14,statement12,statement4,statement11,statement1,Q98|Q1_4,Q1_4.1|Q99,Q1_4.2|Q100,Q1_4.3|Q101,Q1_4.4|Q103,Q1_4.5|Q104,Q105|Q1_4.6,Q1_4.7|Q106,Q1_4.8|Q107,Q1_4.9|Q108,Q1_4.10|Q109,Q110|Q1_4.11,Q111|Q1_4.12,Q112|Q1_4.13,Q36|Q33|Q37|Q34|Q35
R_0P2TnJp8S2o82Nr,no_controversy,77,80,21,22,55,53,88,90,54,53,10,10,23,20,51,52,35,36,90,90,88,71,98,99,55,79,59,70,10,77,82,69,83,statement11,statement1,statement8,statement13,statement3,statement5,statement7,statement6,statement4,statement10,statement12,statement9,statement14,statement2,Q98|Q1_4,Q99|Q1_4.1,Q1_4.2|Q100,Q1_4.3|Q101,Q103|Q1_4.4,Q104|Q1_4.5,Q105|Q1_4.6,Q1_4.7|Q106,Q1_4.8|Q107,Q108|Q1_4.9,Q1_4.10|Q109,Q1_4.11|Q110,Q1_4.12|Q111,Q112|Q1_4.13,Q36|Q37|Q33|Q34|Q35
R_vGLz4lD6u8nQ50t,controversy,70,70,49,5,80,25,30,100,24,85,22,33,15,0,35,80,30,20,78,69,34,71,65,82,69,24,30,65,31,65,86,77,92,statement14,statement9,statement4,statement5,statement6,statement7,statement3,statement1,statement11,statement10,statement8,statement13,statement12,statement2,Q98|Q1_4,Q1_4.1|Q99,Q1_4.2|Q100,Q101|Q1_4.3,Q103|Q1_4.4,Q104|Q1_4.5,Q105|Q1_4.6,Q106|Q1_4.7,Q1_4.8|Q107,Q1_4.9|Q108,Q109|Q1_4.10,Q1_4.11|Q110,Q1_4.12|Q111,Q112|Q1_4.13,Q36|Q33|Q35|Q37|Q34
R_3qQ0r8UgAFoeII8,no_controversy,80,100,10,20,40,40,70,90,0,0,10,0,10,0,60,80,40,40,80,70,60,70,70,100,30,20,30,20,80,10,90,90,90,statement11,statement3,statement8,statement2,statement14,statement6,statement5,statement1,statement4,statement13,statement9,statement7,statement10,statement12,Q1_4|Q98,Q99|Q1_4.1,Q1_4.2|Q100,Q101|Q1_4.3,Q103|Q1_4.4,Q104|Q1_4.5,Q1_4.6|Q105,Q1_4.7|Q106,Q107|Q1_4.8,Q108|Q1_4.9,Q1_4.10|Q109,Q1_4.11|Q110,Q1_4.12|Q111,Q112|Q1_4.13,Q37|Q35|Q34|Q33|Q36
R_0pomZs79qt4nSbn,controversy,50,39,20,6,55,86,50,85,0,7,29,46,21,16,30,19,36,33,78,93,10,10,62,76,73,78,37,67,34,50,80,17,100,statement8,statement11,statement13,statement6,statement12,statement14,statement7,statement5,statement4,statement3,statement1,statement2,statement9,statement10,Q98|Q1_4,Q1_4.1|Q99,Q1_4.2|Q100,Q1_4.3|Q101,Q103|Q1_4.4,Q104|Q1_4.5,Q1_4.6|Q105,Q1_4.7|Q106,Q107|Q1_4.8,Q108|Q1_4.9,Q1_4.10|Q109,Q110|Q1_4.11,Q1_4.12|Q111,Q112|Q1_4.13,Q36|Q35|Q33|Q37|Q34
R_2qltwHaRCUSp3Hp,no_controversy,90,90,50,0,75,100,75,75,60,90,0,0,35,0,25,50,50,50,100,100,10,10,70,80,40,20,25,60,70,20,100,90,100,statement13,statement7,statement4,statement6,statement8,statement14,statement2,statement1,statement12,statement3,statement10,statement5,statement11,statement9,Q1_4|Q98,Q99|Q1_4.1,Q100|Q1_4.2,Q1_4.3|Q101,Q103|Q1_4.4,Q1_4.5|Q104,Q1_4.6|Q105,Q106|Q1_4.7,Q107|Q1_4.8,Q108|Q1_4.9,Q1_4.10|Q109,Q110|Q1_4.11,Q1_4.12|Q111,Q112|Q1_4.13,Q35|Q37|Q33|Q34|Q36
R_2QfiOuOhjxBHRTa,controversy,73,19,0,0,51,51,18,16,37,84,0,0,34,42,62,51,20,21,100,100,72,40,78,100,82,87,14,0,0,70,100,6,83,statement1,statement6,statement8,statement9,statement10,statement4,statement3,statement12,statement7,statement13,statement11,statement2,statement14,statement5,Q98|Q1_4,Q1_4.1|Q99,Q1_4.2|Q100,Q1_4.3|Q101,Q1_4.4|Q103,Q1_4.5|Q104,Q1_4.6|Q105,Q106|Q1_4.7,Q1_4.8|Q107,Q1_4.9|Q108,Q109|Q1_4.10,Q110|Q1_4.11,Q1_4.12|Q111,Q1_4.13|Q112,Q37|Q33|Q34|Q36|Q35
R_3ozOhV52ZnGSmu9,no_controversy,71,61,20,30,72,30,30,50,20,40,10,17,20,20,20,30,19,10,92,93,61,30,81,100,30,40,71,50,20,30,80,30,91,statement1,statement2,statement13,statement5,statement8,statement7,statement11,statement12,statement10,statement3,statement9,statement6,statement14,statement4,Q1_4|Q98,Q99|Q1_4.1,Q1_4.2|Q100,Q101|Q1_4.3,Q1_4.4|Q103,Q1_4.5|Q104,Q105|Q1_4.6,Q106|Q1_4.7,Q107|Q1_4.8,Q1_4.9|Q108,Q109|Q1_4.10,Q110|Q1_4.11,Q111|Q1_4.12,Q1_4.13|Q112,Q35|Q33|Q36|Q37|Q34
R_324LwNzRIyBsED2,controversy,71,71,37,0,30,28,37,67,22,50,26,50,36,11,28,50,50,48,75,100,85,69,75,100,50,29,63,79,68,39,68,71,88,statement1,statement6,statement14,statement2,statement7,statement3,statement4,statement8,statement5,statement9,statement11,statement12,statement10,statement13,Q1_4|Q98,Q99|Q1_4.1,Q1_4.2|Q100,Q1_4.3|Q101,Q103|Q1_4.4,Q104|Q1_4.5,Q1_4.6|Q105,Q106|Q1_4.7,Q1_4.8|Q107,Q108|Q1_4.9,Q1_4.10|Q109,Q1_4.11|Q110,Q111|Q1_4.12,Q112|Q1_4.13,Q36|Q34|Q37|Q33|Q35
R_3lGHDKe2ve94Ntm,no_controversy,53,50,38,1,66,48,24,48,39,60,1,2,36,9,54,9,49,48,85,100,30,23,70,91,89,58,36,48,8,97,47,9,92,statement4,statement12,statement13,statement1,statement6,statement10,statement5,statement11,statement9,statement3,statement7,statement2,statement8,statement14,Q1_4|Q98,Q1_4.1|Q99,Q100|Q1_4.2,Q1_4.3|Q101,Q103|Q1_4.4,Q104|Q1_4.5,Q1_4.6|Q105,Q1_4.7|Q106,Q107|Q1_4.8,Q108|Q1_4.9,Q1_4.10|Q109,Q1_4.11|Q110,Q1_4.12|Q111,Q112|Q1_4.13,Q37|Q35|Q33|Q36|Q34
R_3O8Q33uuKZxMVMP,no_controversy,87,88,23,0,40,81,51,96,51,75,19,65,19,0,50,61,40,40,66,100,51,71,76,90,81,40,71,51,41,81,95,50,92,statement11,statement3,statement9,statement12,statement14,statement2,statement1,statement13,statement5,statement7,statement10,statement4,statement8,statement6,Q98|Q1_4,Q1_4.1|Q99,Q1_4.2|Q100,Q1_4.3|Q101,Q103|Q1_4.4,Q104|Q1_4.5,Q1_4.6|Q105,Q1_4.7|Q106,Q107|Q1_4.8,Q108|Q1_4.9,Q109|Q1_4.10,Q1_4.11|Q110,Q1_4.12|Q111,Q1_4.13|Q112,Q37|Q34|Q35|Q36|Q33
R_x5yAZiU9UiAUwtX,controversy,38,30,30,30,51,50,50,51,20,10,15,20,45,30,53,70,50,50,70,75,12,14,55,55,81,75,53,38,50,58,65,50,82,statement5,statement12,statement6,statement4,statement14,statement7,statement13,statement11,statement1,statement3,statement10,statement8,statement2,statement9,Q98|Q1_4,Q99|Q1_4.1,Q100|Q1_4.2,Q101|Q1_4.3,Q1_4.4|Q103,Q1_4.5|Q104,Q105|Q1_4.6,Q106|Q1_4.7,Q1_4.8|Q107,Q1_4.9|Q108,Q109|Q1_4.10,Q1_4.11|Q110,Q111|Q1_4.12,Q1_4.13|Q112,Q34|Q37|Q33|Q35|Q36
R_7Nx8QmXaTsail7H,no_controversy,65,82,34,4,50,56,41,50,38,58,5,29,22,35,76,36,63,22,66,85,87,61,65,84,43,57,30,23,20,2,73,55,77,statement9,statement11,statement14,statement2,statement6,statement1,statement8,statement10,statement3,statement5,statement12,statement7,statement13,statement4,Q1_4|Q98,Q99|Q1_4.1,Q100|Q1_4.2,Q101|Q1_4.3,Q1_4.4|Q103,Q104|Q1_4.5,Q1_4.6|Q105,Q106|Q1_4.7,Q107|Q1_4.8,Q1_4.9|Q108,Q109|Q1_4.10,Q110|Q1_4.11,Q111|Q1_4.12,Q112|Q1_4.13,Q33|Q37|Q36|Q34|Q35
R_3CN8XjwlKULtDRw,controversy,86,90,54,0,22,10,44,78,40,60,61,98,38,0,21,19,28,29,98,95,55,71,79,100,75,23,71,89,50,61,100,65,92,statement14,statement2,statement3,statement7,statement11,statement1,statement12,statement13,statement4,statement10,statement6,statement9,statement5,statement8,Q98|Q1_4,Q99|Q1_4.1,Q1_4.2|Q100,Q101|Q1_4.3,Q103|Q1_4.4,Q1_4.5|Q104,Q105|Q1_4.6,Q106|Q1_4.7,Q1_4.8|Q107,Q1_4.9|Q108,Q109|Q1_4.10,Q1_4.11|Q110,Q1_4.12|Q111,Q1_4.13|Q112,Q37|Q35|Q34|Q33|Q36
R_1dcb81PX84vUM3G,no_controversy,60,50,20,9,50,50,29,50,40,50,30,29,40,29,40,50,30,20,50,71,30,30,71,91,40,20,30,9,60,60,100,40,80,statement14,statement12,statement10,statement1,statement11,statement4,statement6,statement8,statement5,statement9,statement2,statement7,statement3,statement13,Q1_4|Q98,Q1_4.1|Q99,Q100|Q1_4.2,Q1_4.3|Q101,Q103|Q1_4.4,Q104|Q1_4.5,Q1_4.6|Q105,Q106|Q1_4.7,Q1_4.8|Q107,Q1_4.9|Q108,Q1_4.10|Q109,Q110|Q1_4.11,Q1_4.12|Q111,Q1_4.13|Q112,Q34|Q35|Q37|Q36|Q33
R_cO3hK2mLhtHzdaF,controversy,50,50,2,0,60,34,51,91,49,61,23,50,38,11,18,100,35,10,100,86,61,74,75,100,33,92,57,76,38,38,80,39,94,statement10,statement4,statement3,statement11,statement12,statement9,statement5,statement8,statement2,statement6,statement14,statement13,statement1,statement7,Q1_4|Q98,Q1_4.1|Q99,Q1_4.2|Q100,Q1_4.3|Q101,Q1_4.4|Q103,Q104|Q1_4.5,Q1_4.6|Q105,Q106|Q1_4.7,Q107|Q1_4.8,Q108|Q1_4.9,Q1_4.10|Q109,Q110|Q1_4.11,Q1_4.12|Q111,Q112|Q1_4.13,Q37|Q35|Q36|Q33|Q34
R_1kGK6SkjtR0q4CU,no_controversy,51,51,51,51,51,51,9,10,11,10,9,9,73,51,61,90,51,51,94,83,51,19,72,88,82,82,40,19,69,51,100,83,82,statement7,statement13,statement8,statement11,statement2,statement14,statement9,statement5,statement10,statement6,statement12,statement4,statement3,statement1,Q1_4|Q98,Q1_4.1|Q99,Q100|Q1_4.2,Q1_4.3|Q101,Q1_4.4|Q103,Q104|Q1_4.5,Q1_4.6|Q105,Q106|Q1_4.7,Q107|Q1_4.8,Q108|Q1_4.9,Q109|Q1_4.10,Q1_4.11|Q110,Q1_4.12|Q111,Q112|Q1_4.13,Q36|Q35|Q37|Q34|Q33
R_QnTdtDB2Wbewoh3,no_controversy,32,17,41,0,39,69,43,100,75,50,24,22,6,25,22,41,51,38,54,75,35,54,74,82,67,51,65,51,41,64,83,41,75,statement11,statement12,statement2,statement10,statement4,statement9,statement5,statement3,statement14,statement1,statement7,statement8,statement13,statement6,Q1_4|Q98,Q99|Q1_4.1,Q1_4.2|Q100,Q1_4.3|Q101,Q103|Q1_4.4,Q1_4.5|Q104,Q1_4.6|Q105,Q106|Q1_4.7,Q107|Q1_4.8,Q1_4.9|Q108,Q109|Q1_4.10,Q110|Q1_4.11,Q1_4.12|Q111,Q112|Q1_4.13,Q33|Q34|Q36|Q37|Q35
R_2rj49DGZzSg8QMk,controversy,50,50,50,39,50,50,50,70,70,91,59,80,50,50,50,50,50,50,100,100,50,8,62,70,50,50,24,0,20,71,50,50,90,statement8,statement14,statement5,statement3,statement1,statement6,statement2,statement9,statement4,statement11,statement10,statement7,statement12,statement13,Q1_4|Q98,Q1_4.1|Q99,Q100|Q1_4.2,Q1_4.3|Q101,Q1_4.4|Q103,Q1_4.5|Q104,Q1_4.6|Q105,Q1_4.7|Q106,Q107|Q1_4.8,Q108|Q1_4.9,Q1_4.10|Q109,Q1_4.11|Q110,Q111|Q1_4.12,Q112|Q1_4.13,Q33|Q37|Q36|Q34|Q35
R_0AJMnsmaG7zrL3j,controversy,87,82,25,14,86,100,69,49,75,60,24,26,69,67,23,50,50,50,74,100,11,6,72,100,84,100,85,50,1,94,98,29,92,statement10,statement9,statement7,statement1,statement3,statement8,statement12,statement14,statement5,statement6,statement11,statement2,statement4,statement13,Q98|Q1_4,Q1_4.1|Q99,Q1_4.2|Q100,Q101|Q1_4.3,Q103|Q1_4.4,Q1_4.5|Q104,Q105|Q1_4.6,Q106|Q1_4.7,Q107|Q1_4.8,Q1_4.9|Q108,Q1_4.10|Q109,Q1_4.11|Q110,Q1_4.12|Q111,Q112|Q1_4.13,Q36|Q33|Q34|Q35|Q37
R_3JDFLmW8gUXmzWz,no_controversy,88,66,27,11,28,51,64,100,39,91,38,91,65,9,67,57,37,35,90,100,65,38,82,100,81,14,62,93,65,32,88,29,77,statement11,statement12,statement3,statement4,statement9,statement6,statement10,statement7,statement5,statement8,statement14,statement1,statement2,statement13,Q1_4|Q98,Q1_4.1|Q99,Q1_4.2|Q100,Q1_4.3|Q101,Q1_4.4|Q103,Q104|Q1_4.5,Q1_4.6|Q105,Q1_4.7|Q106,Q107|Q1_4.8,Q108|Q1_4.9,Q1_4.10|Q109,Q110|Q1_4.11,Q111|Q1_4.12,Q112|Q1_4.13,Q35|Q36|Q33|Q37|Q34
R_2aWvFBI9S1sl1Ef,controversy,60,91,18,8,40,70,29,76,19,59,17,9,19,2,70,40,18,28,80,71,18,8,56,100,51,76,40,60,61,60,83,9,82,statement13,statement10,statement6,statement14,statement3,statement9,statement5,statement11,statement8,statement2,statement1,statement7,statement4,statement12,Q1_4|Q98,Q1_4.1|Q99,Q1_4.2|Q100,Q1_4.3|Q101,Q1_4.4|Q103,Q104|Q1_4.5,Q1_4.6|Q105,Q1_4.7|Q106,Q1_4.8|Q107,Q1_4.9|Q108,Q1_4.10|Q109,Q1_4.11|Q110,Q111|Q1_4.12,Q112|Q1_4.13,Q33|Q36|Q35|Q37|Q34
R_3RpBQG6AvKnF48f,controversy,78,64,31,0,90,0,50,100,38,60,26,81,1,16,27,51,50,20,88,90,32,0,41,70,50,18,39,69,59,41,92,39,70,statement8,statement10,statement1,statement7,statement14,statement4,statement12,statement2,statement13,statement6,statement5,statement11,statement3,statement9,Q98|Q1_4,Q99|Q1_4.1,Q100|Q1_4.2,Q101|Q1_4.3,Q1_4.4|Q103,Q1_4.5|Q104,Q105|Q1_4.6,Q1_4.7|Q106,Q107|Q1_4.8,Q1_4.9|Q108,Q109|Q1_4.10,Q1_4.11|Q110,Q1_4.12|Q111,Q112|Q1_4.13,Q34|Q35|Q33|Q36|Q37
R_2OYAxjjqoRy7601,no_controversy,67,26,66,35,65,22,71,17,63,26,66,24,66,14,66,29,65,33,62,30,61,35,68,34,66,25,58,37,67,62,60,34,44,statement3,statement7,statement1,statement14,statement12,statement6,statement9,statement4,statement10,statement5,statement8,statement13,statement2,statement11,Q98|Q1_4,Q1_4.1|Q99,Q100|Q1_4.2,Q101|Q1_4.3,Q1_4.4|Q103,Q104|Q1_4.5,Q105|Q1_4.6,Q1_4.7|Q106,Q1_4.8|Q107,Q1_4.9|Q108,Q1_4.10|Q109,Q110|Q1_4.11,Q111|Q1_4.12,Q1_4.13|Q112,Q34|Q37|Q35|Q33|Q36
R_Y4yigZpnNmgpDUt,no_controversy,38,40,39,41,39,41,9,0,41,12,35,94,4,23,38,23,9,10,97,98,92,100,60,92,90,100,29,0,84,39,91,92,100,statement11,statement9,statement5,statement13,statement7,statement8,statement6,statement3,statement4,statement14,statement10,statement2,statement1,statement12,Q98|Q1_4,Q1_4.1|Q99,Q100|Q1_4.2,Q101|Q1_4.3,Q1_4.4|Q103,Q104|Q1_4.5,Q105|Q1_4.6,Q1_4.7|Q106,Q107|Q1_4.8,Q1_4.9|Q108,Q1_4.10|Q109,Q1_4.11|Q110,Q1_4.12|Q111,Q1_4.13|Q112,Q34|Q33|Q35|Q37|Q36
R_Bzf3zd94BPzRAeB,controversy,91,92,35,7,51,0,51,100,30,82,22,29,9,0,81,60,19,80,80,100,76,50,63,100,25,51,29,100,20,92,100,30,71,statement12,statement6,statement14,statement9,statement8,statement1,statement10,statement11,statement4,statement3,statement5,statement13,statement7,statement2,Q98|Q1_4,Q99|Q1_4.1,Q100|Q1_4.2,Q101|Q1_4.3,Q1_4.4|Q103,Q1_4.5|Q104,Q105|Q1_4.6,Q1_4.7|Q106,Q107|Q1_4.8,Q108|Q1_4.9,Q109|Q1_4.10,Q1_4.11|Q110,Q1_4.12|Q111,Q112|Q1_4.13,Q37|Q35|Q33|Q36|Q34
R_3gzeucSuOMmgXdf,no_controversy,50,20,0,0,40,0,49,91,56,71,40,51,30,30,30,29,30,0,71,92,30,0,71,60,19,9,30,50,19,50,80,60,90,statement13,statement10,statement2,statement4,statement1,statement7,statement9,statement8,statement14,statement11,statement12,statement5,statement3,statement6,Q1_4|Q98,Q1_4.1|Q99,Q1_4.2|Q100,Q101|Q1_4.3,Q103|Q1_4.4,Q1_4.5|Q104,Q1_4.6|Q105,Q1_4.7|Q106,Q1_4.8|Q107,Q108|Q1_4.9,Q1_4.10|Q109,Q1_4.11|Q110,Q1_4.12|Q111,Q1_4.13|Q112,Q34|Q37|Q35|Q36|Q33
R_3oR61hJQgwbsGSU,controversy,50,50,50,10,0,50,50,70,50,0,0,0,50,50,30,50,40,50,100,90,100,100,100,40,50,50,40,0,70,50,90,0,90,statement3,statement2,statement11,statement13,statement4,statement5,statement1,statement6,statement12,statement10,statement7,statement14,statement8,statement9,Q1_4|Q98,Q99|Q1_4.1,Q100|Q1_4.2,Q101|Q1_4.3,Q103|Q1_4.4,Q104|Q1_4.5,Q1_4.6|Q105,Q1_4.7|Q106,Q107|Q1_4.8,Q1_4.9|Q108,Q109|Q1_4.10,Q1_4.11|Q110,Q1_4.12|Q111,Q1_4.13|Q112,Q36|Q33|Q37|Q35|Q34
R_24ORGWdW33EuOtL,controversy,60,49,40,0,0,19,82,100,51,71,29,51,19,0,19,40,19,19,81,81,30,29,51,51,41,71,30,61,51,82,100,40,100,statement1,statement9,statement3,statement13,statement8,statement11,statement12,statement10,statement2,statement5,statement7,statement6,statement14,statement4,Q1_4|Q98,Q99|Q1_4.1,Q100|Q1_4.2,Q101|Q1_4.3,Q1_4.4|Q103,Q104|Q1_4.5,Q1_4.6|Q105,Q106|Q1_4.7,Q107|Q1_4.8,Q1_4.9|Q108,Q1_4.10|Q109,Q1_4.11|Q110,Q111|Q1_4.12,Q1_4.13|Q112,Q37|Q33|Q35|Q36|Q34
R_2P1XXqvX1PE5FWG,no_controversy,61,65,14,6,52,72,42,54,64,86,0,0,10,21,42,89,10,15,76,87,19,15,72,87,72,64,64,56,42,36,96,2,92,statement9,statement8,statement11,statement6,statement5,statement1,statement7,statement10,statement2,statement12,statement3,statement4,statement13,statement14,Q1_4|Q98,Q1_4.1|Q99,Q100|Q1_4.2,Q1_4.3|Q101,Q103|Q1_4.4,Q1_4.5|Q104,Q105|Q1_4.6,Q106|Q1_4.7,Q1_4.8|Q107,Q108|Q1_4.9,Q1_4.10|Q109,Q1_4.11|Q110,Q111|Q1_4.12,Q112|Q1_4.13,Q36|Q35|Q37|Q33|Q34
R_3oRC1MI9x33mUMG,no_controversy,70,90,16,30,71,84,35,70,44,70,35,23,28,21,27,55,17,9,89,78,37,12,61,81,56,29,37,71,30,66,83,71,92,statement2,statement5,statement12,statement14,statement6,statement13,statement4,statement11,statement9,statement7,statement3,statement1,statement8,statement10,Q1_4|Q98,Q1_4.1|Q99,Q1_4.2|Q100,Q1_4.3|Q101,Q1_4.4|Q103,Q1_4.5|Q104,Q1_4.6|Q105,Q106|Q1_4.7,Q1_4.8|Q107,Q108|Q1_4.9,Q1_4.10|Q109,Q110|Q1_4.11,Q111|Q1_4.12,Q112|Q1_4.13,Q36|Q37|Q34|Q35|Q33
R_33vQeyOSCQ2TSUt,controversy,90,100,15,9,88,32,25,98,30,81,10,28,31,12,50,50,1,0,90,100,25,10,31,100,50,35,34,100,0,75,93,17,76,statement6,statement11,statement12,statement2,statement9,statement5,statement7,statement1,statement14,statement3,statement4,statement10,statement13,statement8,Q1_4|Q98,Q99|Q1_4.1,Q1_4.2|Q100,Q1_4.3|Q101,Q103|Q1_4.4,Q104|Q1_4.5,Q105|Q1_4.6,Q106|Q1_4.7,Q107|Q1_4.8,Q1_4.9|Q108,Q1_4.10|Q109,Q110|Q1_4.11,Q1_4.12|Q111,Q112|Q1_4.13,Q35|Q34|Q37|Q36|Q33
R_24PkHevWZeFJCao,no_controversy,70,56,34,45,58,30,20,45,71,60,10,0,30,41,47,50,25,50,83,64,54,50,67,74,73,62,75,55,64,30,71,64,81,statement6,statement11,statement9,statement5,statement8,statement1,statement4,statement7,statement14,statement2,statement3,statement13,statement10,statement12,Q1_4|Q98,Q1_4.1|Q99,Q100|Q1_4.2,Q101|Q1_4.3,Q1_4.4|Q103,Q1_4.5|Q104,Q105|Q1_4.6,Q106|Q1_4.7,Q1_4.8|Q107,Q108|Q1_4.9,Q109|Q1_4.10,Q110|Q1_4.11,Q1_4.12|Q111,Q112|Q1_4.13,Q37|Q35|Q33|Q34|Q36
R_3kHb5yW9zBzGDsy,no_controversy,63,30,22,20,61,30,34,89,67,50,21,18,21,14,29,12,27,9,94,91,15,23,70,100,30,15,64,81,59,60,74,93,84,statement3,statement1,statement12,statement5,statement10,statement11,statement4,statement2,statement14,statement13,statement9,statement8,statement6,statement7,Q98|Q1_4,Q1_4.1|Q99,Q100|Q1_4.2,Q1_4.3|Q101,Q1_4.4|Q103,Q104|Q1_4.5,Q105|Q1_4.6,Q1_4.7|Q106,Q107|Q1_4.8,Q108|Q1_4.9,Q109|Q1_4.10,Q1_4.11|Q110,Q1_4.12|Q111,Q112|Q1_4.13,Q36|Q34|Q37|Q33|Q35
R_3NR41hwUPSDJX21,controversy,70,71,20,5,45,60,25,71,15,59,18,40,30,31,58,33,36,36,72,50,31,24,70,85,80,69,19,62,62,58,73,70,63,statement3,statement13,statement8,statement9,statement14,statement2,statement11,statement10,statement12,statement4,statement1,statement5,statement7,statement6,Q1_4|Q98,Q99|Q1_4.1,Q100|Q1_4.2,Q101|Q1_4.3,Q1_4.4|Q103,Q104|Q1_4.5,Q105|Q1_4.6,Q1_4.7|Q106,Q107|Q1_4.8,Q108|Q1_4.9,Q109|Q1_4.10,Q1_4.11|Q110,Q1_4.12|Q111,Q1_4.13|Q112,Q35|Q34|Q33|Q37|Q36
R_21mr4cd0Ssgqig0,no_controversy,78,70,20,5,60,50,60,70,70,60,29,10,10,0,29,40,10,10,60,70,70,85,70,80,70,51,61,70,51,9,70,71,99,statement2,statement11,statement3,statement13,statement6,statement14,statement12,statement10,statement8,statement7,statement4,statement9,statement5,statement1,Q98|Q1_4,Q99|Q1_4.1,Q1_4.2|Q100,Q101|Q1_4.3,Q103|Q1_4.4,Q1_4.5|Q104,Q1_4.6|Q105,Q106|Q1_4.7,Q1_4.8|Q107,Q1_4.9|Q108,Q1_4.10|Q109,Q110|Q1_4.11,Q111|Q1_4.12,Q1_4.13|Q112,Q35|Q34|Q33|Q36|Q37
R_afr1mCeec3V139v,controversy,30,20,9,17,60,80,29,61,60,60,10,30,20,20,60,60,40,30,60,70,48,35,70,100,60,90,40,60,50,60,77,51,80,statement13,statement9,statement5,statement7,statement6,statement14,statement3,statement11,statement8,statement10,statement1,statement2,statement4,statement12,Q98|Q1_4,Q1_4.1|Q99,Q100|Q1_4.2,Q1_4.3|Q101,Q1_4.4|Q103,Q104|Q1_4.5,Q1_4.6|Q105,Q1_4.7|Q106,Q107|Q1_4.8,Q108|Q1_4.9,Q109|Q1_4.10,Q110|Q1_4.11,Q111|Q1_4.12,Q1_4.13|Q112,Q37|Q34|Q36|Q35|Q33
R_1pXxMetEFou33AW,no_controversy,70,50,30,14,50,50,30,100,60,70,32,50,10,10,50,50,40,50,88,100,50,50,65,100,81,50,55,90,50,60,50,50,71,statement5,statement1,statement2,statement10,statement14,statement3,statement11,statement4,statement13,statement9,statement7,statement8,statement12,statement6,Q98|Q1_4,Q99|Q1_4.1,Q1_4.2|Q100,Q101|Q1_4.3,Q1_4.4|Q103,Q1_4.5|Q104,Q1_4.6|Q105,Q106|Q1_4.7,Q1_4.8|Q107,Q1_4.9|Q108,Q1_4.10|Q109,Q1_4.11|Q110,Q1_4.12|Q111,Q112|Q1_4.13,Q36|Q33|Q35|Q34|Q37
R_1JDdz6ZofyhYAF1,controversy,50,20,14,0,70,50,71,100,51,75,5,31,29,0,29,46,35,12,89,91,41,14,80,100,81,93,45,88,67,59,79,50,95,statement12,statement3,statement13,statement11,statement1,statement6,statement4,statement9,statement7,statement2,statement14,statement5,statement10,statement8,Q1_4|Q98,Q1_4.1|Q99,Q100|Q1_4.2,Q101|Q1_4.3,Q1_4.4|Q103,Q104|Q1_4.5,Q1_4.6|Q105,Q1_4.7|Q106,Q1_4.8|Q107,Q1_4.9|Q108,Q1_4.10|Q109,Q1_4.11|Q110,Q1_4.12|Q111,Q112|Q1_4.13,Q37|Q36|Q33|Q35|Q34
R_dm3wOrPlw5CEHbH,controversy,73,85,39,26,50,50,76,95,53,71,62,66,21,22,89,72,50,35,80,93,71,78,86,97,69,79,63,72,28,73,72,29,76,statement4,statement13,statement11,statement10,statement6,statement2,statement5,statement1,statement9,statement12,statement3,statement14,statement8,statement7,Q1_4|Q98,Q99|Q1_4.1,Q1_4.2|Q100,Q1_4.3|Q101,Q103|Q1_4.4,Q104|Q1_4.5,Q105|Q1_4.6,Q106|Q1_4.7,Q107|Q1_4.8,Q1_4.9|Q108,Q109|Q1_4.10,Q110|Q1_4.11,Q111|Q1_4.12,Q1_4.13|Q112,Q34|Q37|Q33|Q36|Q35
R_2AQpdXB4e17Xf6b,no_controversy,64,55,68,60,62,40,44,41,21,71,47,53,62,39,40,34,67,70,60,71,42,74,59,74,26,35,59,59,44,57,44,55,55,statement10,statement3,statement7,statement8,statement12,statement5,statement9,statement11,statement2,statement13,statement1,statement4,statement14,statement6,Q98|Q1_4,Q1_4.1|Q99,Q100|Q1_4.2,Q101|Q1_4.3,Q103|Q1_4.4,Q1_4.5|Q104,Q105|Q1_4.6,Q1_4.7|Q106,Q1_4.8|Q107,Q108|Q1_4.9,Q1_4.10|Q109,Q1_4.11|Q110,Q1_4.12|Q111,Q112|Q1_4.13,Q34|Q36|Q37|Q35|Q33
R_1KvxD2Y1AX45lVf,no_controversy,91,92,19,17,17,21,29,100,23,93,10,4,29,9,16,18,14,19,80,91,44,18,23,31,83,34,8,97,59,89,97,91,98,statement1,statement11,statement7,statement12,statement9,statement8,statement4,statement3,statement2,statement10,statement6,statement5,statement13,statement14,Q98|Q1_4,Q1_4.1|Q99,Q100|Q1_4.2,Q101|Q1_4.3,Q1_4.4|Q103,Q104|Q1_4.5,Q105|Q1_4.6,Q106|Q1_4.7,Q107|Q1_4.8,Q108|Q1_4.9,Q109|Q1_4.10,Q110|Q1_4.11,Q1_4.12|Q111,Q1_4.13|Q112,Q35|Q37|Q33|Q34|Q36
R_3kBa2UBMFZRmsVR,no_controversy,75,70,14,20,70,91,66,100,19,4,8,7,2,1,40,48,10,0,90,71,3,0,61,15,78,51,60,29,59,30,71,61,100,statement1,statement8,statement9,statement4,statement13,statement11,statement10,statement2,statement3,statement5,statement14,statement6,statement12,statement7,Q98|Q1_4,Q99|Q1_4.1,Q1_4.2|Q100,Q101|Q1_4.3,Q103|Q1_4.4,Q1_4.5|Q104,Q1_4.6|Q105,Q106|Q1_4.7,Q1_4.8|Q107,Q1_4.9|Q108,Q1_4.10|Q109,Q110|Q1_4.11,Q1_4.12|Q111,Q1_4.13|Q112,Q34|Q37|Q36|Q33|Q35
R_3nN7tqJdT3dFdJx,controversy,74,70,31,22,34,35,50,60,32,55,30,33,37,30,33,28,39,30,63,71,34,29,61,82,57,57,50,31,31,40,80,61,50,statement2,statement4,statement14,statement1,statement9,statement7,statement6,statement10,statement3,statement8,statement5,statement11,statement13,statement12,Q98|Q1_4,Q1_4.1|Q99,Q100|Q1_4.2,Q101|Q1_4.3,Q1_4.4|Q103,Q1_4.5|Q104,Q105|Q1_4.6,Q1_4.7|Q106,Q107|Q1_4.8,Q1_4.9|Q108,Q109|Q1_4.10,Q110|Q1_4.11,Q1_4.12|Q111,Q112|Q1_4.13,Q36|Q35|Q37|Q34|Q33
R_eVVB9Gk1QTOCuel,no_controversy,71,75,55,0,40,40,50,85,62,39,39,75,13,0,50,50,45,35,84,85,29,30,39,95,34,29,87,50,40,75,70,35,95,statement4,statement1,statement2,statement14,statement9,statement10,statement13,statement6,statement5,statement7,statement12,statement3,statement11,statement8,Q98|Q1_4,Q1_4.1|Q99,Q1_4.2|Q100,Q101|Q1_4.3,Q1_4.4|Q103,Q104|Q1_4.5,Q1_4.6|Q105,Q106|Q1_4.7,Q1_4.8|Q107,Q108|Q1_4.9,Q109|Q1_4.10,Q110|Q1_4.11,Q1_4.12|Q111,Q1_4.13|Q112,Q34|Q33|Q35|Q37|Q36
R_Ckv2ayaZj7eRF9n,controversy,100,100,0,51,19,100,71,71,76,91,40,20,0,40,81,40,51,0,82,91,71,50,76,100,91,100,60,51,51,20,76,19,76,statement5,statement6,statement2,statement11,statement4,statement12,statement8,statement1,statement7,statement10,statement9,statement3,statement14,statement13,Q98|Q1_4,Q1_4.1|Q99,Q100|Q1_4.2,Q1_4.3|Q101,Q103|Q1_4.4,Q104|Q1_4.5,Q1_4.6|Q105,Q1_4.7|Q106,Q1_4.8|Q107,Q108|Q1_4.9,Q1_4.10|Q109,Q110|Q1_4.11,Q111|Q1_4.12,Q1_4.13|Q112,Q36|Q37|Q33|Q35|Q34
R_28VcYrdDrHCj0XZ,no_controversy,85,80,5,0,65,45,100,45,45,65,20,40,5,10,91,55,40,25,40,90,30,35,85,55,70,90,65,100,30,60,80,65,100,statement9,statement3,statement6,statement2,statement7,statement1,statement13,statement11,statement12,statement8,statement4,statement10,statement14,statement5,Q1_4|Q98,Q1_4.1|Q99,Q1_4.2|Q100,Q101|Q1_4.3,Q103|Q1_4.4,Q1_4.5|Q104,Q105|Q1_4.6,Q106|Q1_4.7,Q1_4.8|Q107,Q1_4.9|Q108,Q109|Q1_4.10,Q110|Q1_4.11,Q1_4.12|Q111,Q112|Q1_4.13,Q36|Q35|Q37|Q34|Q33
R_Ox9AOaz6Da04ekh,controversy,70,70,0,0,30,10,0,40,40,70,19,30,0,0,70,90,20,0,80,100,60,70,60,95,20,20,70,70,50,70,90,60,60,statement6,statement14,statement9,statement13,statement4,statement8,statement12,statement11,statement3,statement7,statement2,statement10,statement1,statement5,Q98|Q1_4,Q99|Q1_4.1,Q100|Q1_4.2,Q1_4.3|Q101,Q103|Q1_4.4,Q1_4.5|Q104,Q105|Q1_4.6,Q1_4.7|Q106,Q1_4.8|Q107,Q1_4.9|Q108,Q1_4.10|Q109,Q1_4.11|Q110,Q111|Q1_4.12,Q1_4.13|Q112,Q37|Q36|Q33|Q35|Q34
R_b9R7kPRRQQ7GrF7,no_controversy,74,82,17,0,59,37,50,27,43,50,16,0,0,0,57,50,12,0,67,68,29,66,31,79,41,59,35,50,15,82,78,35,70,statement13,statement12,statement2,statement9,statement8,statement1,statement14,statement4,statement6,statement3,statement10,statement11,statement7,statement5,Q98|Q1_4,Q99|Q1_4.1,Q1_4.2|Q100,Q101|Q1_4.3,Q103|Q1_4.4,Q104|Q1_4.5,Q105|Q1_4.6,Q1_4.7|Q106,Q1_4.8|Q107,Q108|Q1_4.9,Q109|Q1_4.10,Q110|Q1_4.11,Q1_4.12|Q111,Q1_4.13|Q112,Q33|Q34|Q37|Q35|Q36
R_3lGOpWpiZbu55nX,controversy,51,51,20,51,81,81,70,70,50,81,50,70,51,51,71,50,19,50,100,60,19,0,81,100,81,19,60,70,0,92,71,80,91,statement9,statement2,statement14,statement4,statement11,statement8,statement6,statement1,statement10,statement13,statement5,statement7,statement12,statement3,Q1_4|Q98,Q1_4.1|Q99,Q100|Q1_4.2,Q1_4.3|Q101,Q1_4.4|Q103,Q1_4.5|Q104,Q1_4.6|Q105,Q106|Q1_4.7,Q1_4.8|Q107,Q1_4.9|Q108,Q109|Q1_4.10,Q110|Q1_4.11,Q1_4.12|Q111,Q112|Q1_4.13,Q34|Q35|Q37|Q36|Q33
R_e4BcItGEyhhfwJz,controversy,60,61,40,32,50,39,70,100,20,60,39,60,29,40,29,70,40,20,69,82,50,51,61,100,61,51,29,67,39,60,71,40,71,statement10,statement2,statement14,statement11,statement6,statement5,statement1,statement8,statement7,statement3,statement9,statement4,statement13,statement12,Q98|Q1_4,Q99|Q1_4.1,Q100|Q1_4.2,Q101|Q1_4.3,Q103|Q1_4.4,Q1_4.5|Q104,Q1_4.6|Q105,Q106|Q1_4.7,Q107|Q1_4.8,Q1_4.9|Q108,Q1_4.10|Q109,Q110|Q1_4.11,Q111|Q1_4.12,Q112|Q1_4.13,Q35|Q37|Q33|Q36|Q34
R_2dRzvfcl0hXecgA,controversy,79,40,14,78,60,74,64,86,57,34,31,81,71,87,14,34,50,78,59,61,53,32,66,90,74,81,78,96,66,60,92,64,99,statement12,statement3,statement11,statement7,statement13,statement9,statement14,statement4,statement6,statement1,statement2,statement5,statement10,statement8,Q98|Q1_4,Q99|Q1_4.1,Q100|Q1_4.2,Q101|Q1_4.3,Q1_4.4|Q103,Q1_4.5|Q104,Q105|Q1_4.6,Q106|Q1_4.7,Q1_4.8|Q107,Q1_4.9|Q108,Q109|Q1_4.10,Q110|Q1_4.11,Q1_4.12|Q111,Q1_4.13|Q112,Q36|Q35|Q33|Q37|Q34
R_3PYONhdAKt56fEy,no_controversy,27,28,38,28,30,30,82,100,38,18,26,0,36,51,89,89,31,50,100,100,28,16,72,100,51,66,69,80,19,50,81,82,100,statement3,statement7,statement8,statement13,statement4,statement5,statement6,statement9,statement14,statement12,statement10,statement1,statement2,statement11,Q1_4|Q98,Q1_4.1|Q99,Q100|Q1_4.2,Q1_4.3|Q101,Q103|Q1_4.4,Q104|Q1_4.5,Q105|Q1_4.6,Q1_4.7|Q106,Q107|Q1_4.8,Q108|Q1_4.9,Q1_4.10|Q109,Q110|Q1_4.11,Q1_4.12|Q111,Q1_4.13|Q112,Q35|Q36|Q34|Q33|Q37
R_2S3jGUQhGaGuGrG,no_controversy,80,80,1,1,82,95,49,0,80,100,9,0,2,2,20,10,17,30,89,100,61,65,57,36,82,82,69,81,71,71,83,81,81,statement8,statement5,statement11,statement1,statement9,statement3,statement10,statement4,statement14,statement13,statement6,statement2,statement7,statement12,Q98|Q1_4,Q99|Q1_4.1,Q100|Q1_4.2,Q1_4.3|Q101,Q103|Q1_4.4,Q1_4.5|Q104,Q1_4.6|Q105,Q106|Q1_4.7,Q1_4.8|Q107,Q108|Q1_4.9,Q1_4.10|Q109,Q1_4.11|Q110,Q1_4.12|Q111,Q112|Q1_4.13,Q36|Q33|Q37|Q34|Q35
R_1Dr2V89x3Mivjrz,controversy,84,89,58,0,18,18,25,100,15,8,5,0,23,28,80,0,18,0,78,100,80,77,37,92,51,100,61,0,0,91,91,15,100,statement1,statement13,statement14,statement2,statement3,statement11,statement8,statement9,statement12,statement4,statement7,statement10,statement6,statement5,Q1_4|Q98,Q99|Q1_4.1,Q1_4.2|Q100,Q1_4.3|Q101,Q103|Q1_4.4,Q1_4.5|Q104,Q1_4.6|Q105,Q106|Q1_4.7,Q1_4.8|Q107,Q108|Q1_4.9,Q1_4.10|Q109,Q110|Q1_4.11,Q1_4.12|Q111,Q112|Q1_4.13,Q35|Q34|Q36|Q37|Q33
R_suqWIO83HY4dbnH,no_controversy,60,75,25,20,30,25,75,100,15,10,30,25,9,9,30,13,24,9,76,80,70,0,85,85,49,65,60,70,61,60,80,30,90,statement2,statement6,statement10,statement4,statement11,statement13,statement3,statement1,statement5,statement8,statement14,statement12,statement9,statement7,Q1_4|Q98,Q99|Q1_4.1,Q100|Q1_4.2,Q1_4.3|Q101,Q103|Q1_4.4,Q104|Q1_4.5,Q1_4.6|Q105,Q1_4.7|Q106,Q1_4.8|Q107,Q108|Q1_4.9,Q1_4.10|Q109,Q110|Q1_4.11,Q111|Q1_4.12,Q1_4.13|Q112,Q34|Q35|Q33|Q36|Q37
R_3hfHZRhY7f64kGv,controversy,95,65,20,0,5,100,10,95,25,60,2,65,10,0,60,60,10,0,80,90,20,0,60,75,40,90,25,90,30,70,100,40,100,statement5,statement2,statement8,statement9,statement14,statement6,statement4,statement13,statement12,statement10,statement7,statement11,statement3,statement1,Q98|Q1_4,Q99|Q1_4.1,Q1_4.2|Q100,Q101|Q1_4.3,Q1_4.4|Q103,Q104|Q1_4.5,Q105|Q1_4.6,Q106|Q1_4.7,Q1_4.8|Q107,Q1_4.9|Q108,Q109|Q1_4.10,Q1_4.11|Q110,Q111|Q1_4.12,Q1_4.13|Q112,Q35|Q34|Q33|Q37|Q36
R_9N64dHupk3kRPJn,controversy,74,59,32,10,39,70,35,80,23,10,19,17,25,6,28,65,35,2,58,82,67,51,66,93,69,57,30,60,60,84,64,59,97,statement6,statement9,statement8,statement11,statement10,statement13,statement3,statement7,statement14,statement4,statement1,statement2,statement5,statement12,Q1_4|Q98,Q1_4.1|Q99,Q100|Q1_4.2,Q101|Q1_4.3,Q1_4.4|Q103,Q1_4.5|Q104,Q105|Q1_4.6,Q106|Q1_4.7,Q107|Q1_4.8,Q108|Q1_4.9,Q1_4.10|Q109,Q110|Q1_4.11,Q1_4.12|Q111,Q1_4.13|Q112,Q34|Q37|Q36|Q33|Q35
R_3JFqkTAMDFSCzZS,controversy,60,51,30,51,40,40,50,0,35,65,71,80,61,62,20,19,30,30,100,100,40,19,70,100,60,0,0,0,0,61,100,80,71,statement9,statement4,statement5,statement8,statement2,statement14,statement11,statement7,statement6,statement12,statement3,statement13,statement10,statement1,Q1_4|Q98,Q99|Q1_4.1,Q100|Q1_4.2,Q1_4.3|Q101,Q103|Q1_4.4,Q1_4.5|Q104,Q1_4.6|Q105,Q1_4.7|Q106,Q107|Q1_4.8,Q108|Q1_4.9,Q1_4.10|Q109,Q110|Q1_4.11,Q111|Q1_4.12,Q112|Q1_4.13,Q35|Q36|Q37|Q34|Q33
R_3hF48AHs6hdd9cp,no_controversy,92,86,23,50,50,50,62,87,50,50,44,45,27,42,36,72,28,12,80,75,28,14,63,100,73,85,42,64,37,100,93,70,100,statement3,statement13,statement6,statement2,statement10,statement7,statement5,statement8,statement9,statement1,statement11,statement14,statement12,statement4,Q1_4|Q98,Q99|Q1_4.1,Q100|Q1_4.2,Q1_4.3|Q101,Q1_4.4|Q103,Q1_4.5|Q104,Q1_4.6|Q105,Q106|Q1_4.7,Q107|Q1_4.8,Q1_4.9|Q108,Q109|Q1_4.10,Q110|Q1_4.11,Q1_4.12|Q111,Q1_4.13|Q112,Q36|Q34|Q33|Q35|Q37